J,M,A,Tirage,#1,#2,#3,#4,#5,#6,Comp
18,sept.,2024,24113,2,5,23,42,44,47,0
16,sept.,2024,24112,27,31,48,30,17,8,0
14,sept.,2024,24111,15,32,11,49,6,4,0
11,sept.,2024,24110,28,30,10,39,24,5,0
9,sept.,2024,24109,18,8,41,17,3,3,0
7,sept.,2024,24108,48,43,31,9,15,9,0
4,sept.,2024,24107,4,2,26,22,40,8,0
2,sept.,2024,24106,27,12,26,6,5,6,0
31,aout,2024,24105,43,18,28,40,14,1,0
28,aout,2024,24104,42,30,11,33,37,3,0
26,aout,2024,24103,6,28,3,12,24,2,0
24,aout,2024,24102,13,29,30,20,36,5,0
21,aout,2024,24101,3,20,15,31,19,7,0
19,aout,2024,24100,10,18,20,19,28,5,0
17,aout,2024,24099,3,4,22,48,49,1,0
14,aout,2024,24098,25,17,46,28,23,5,0
12,aout,2024,24097,16,18,45,38,31,8,0
10,aout,2024,24096,36,31,37,28,17,10,0
7,aout,2024,24095,27,47,24,39,46,9,0
5,aout,2024,24094,24,21,7,31,27,3,0
3,aout,2024,24093,47,4,2,14,34,2,0
31,juillet,2024,24092,25,3,45,47,49,7,0
29,juillet,2024,24091,20,22,32,34,31,7,0
27,juillet,2024,24090,21,8,28,42,47,4,0
24,juillet,2024,24089,40,11,18,8,47,2,0
22,juillet,2024,24088,49,35,25,27,42,9,0
20,juillet,2024,24087,5,30,16,47,15,7,0
17,juillet,2024,24086,35,40,17,6,47,4,0
15,juillet,2024,24085,4,10,30,38,24,10,0
13,juillet,2024,24084,21,5,6,24,42,8,0
10,juillet,2024,24083,16,3,5,39,11,9,0
8,juillet,2024,24082,7,42,31,8,24,6,0
6,juillet,2024,24081,46,13,47,18,34,5,0
3,juillet,2024,24080,4,1,24,21,42,3,0
1,juillet,2024,24079,22,7,28,6,3,7,0
29,juin,2024,24078,17,24,30,43,1,7,0
26,juin,2024,24077,21,10,38,41,25,8,0
24,juin,2024,24076,48,47,6,45,1,6,0
22,juin,2024,24075,10,34,25,38,29,3,0
19,juin,2024,24074,35,11,18,46,30,2,0
17,juin,2024,24073,28,6,11,46,25,2,0
15,juin,2024,24072,8,16,42,30,40,2,0
12,juin,2024,24071,28,3,6,33,13,4,0
10,juin,2024,24070,47,5,34,28,39,8,0
8,juin,2024,24069,35,39,18,43,31,7,0
5,juin,2024,24068,4,6,35,47,7,1,0
3,juin,2024,24067,9,15,39,49,48,7,0
1,juin,2024,24066,27,2,48,43,3,8,0
29,mai,2024,24065,10,19,28,38,37,7,0
27,mai,2024,24064,41,19,32,42,47,1,0
25,mai,2024,24063,19,26,42,18,20,1,0
22,mai,2024,24062,46,23,21,32,20,10,0
20,mai,2024,24061,12,32,36,6,29,8,0
18,mai,2024,24060,14,34,37,15,45,2,0
15,mai,2024,24059,21,16,9,20,15,1,0
13,mai,2024,24058,26,13,25,12,18,4,0
11,mai,2024,24057,6,39,24,13,43,8,0
8,mai,2024,24056,7,34,6,3,36,7,0
6,mai,2024,24055,1,4,35,39,21,5,0
4,mai,2024,24054,2,16,19,12,6,3,0
1,mai,2024,24053,17,42,25,5,15,7,0
29,avril,2024,24052,49,47,20,3,30,7,0
27,avril,2024,24051,18,34,27,14,44,6,0
24,avril,2024,24050,38,25,40,41,39,7,0
22,avril,2024,24049,48,20,39,8,47,1,0
20,avril,2024,24048,13,10,22,24,16,7,0
17,avril,2024,24047,48,6,8,17,24,10,0
15,avril,2024,24046,24,2,21,36,31,6,0
13,avril,2024,24045,45,7,29,19,38,8,0
10,avril,2024,24044,18,1,33,9,39,2,0
8,avril,2024,24043,2,22,46,21,49,9,0
6,avril,2024,24042,27,2,36,43,6,5,0
3,avril,2024,24041,26,46,5,12,36,4,0
1,avril,2024,24040,9,17,15,12,26,8,0
30,mars,2024,24039,40,41,28,8,42,2,0
27,mars,2024,24038,28,45,2,15,23,7,0
25,mars,2024,24037,37,1,22,26,31,5,0
23,mars,2024,24036,47,49,20,34,32,1,0
20,mars,2024,24035,24,46,3,22,32,5,0
18,mars,2024,24034,36,48,30,20,40,8,0
16,mars,2024,24033,12,10,37,25,49,2,0
13,mars,2024,24032,5,29,4,10,13,1,0
11,mars,2024,24031,18,48,36,16,45,10,0
9,mars,2024,24030,29,28,25,7,35,2,0
6,mars,2024,24029,12,8,43,46,49,8,0
4,mars,2024,24028,25,8,18,27,37,8,0
2,mars,2024,24027,20,13,27,26,17,4,0
28,fev.,2024,24026,2,38,46,27,43,3,0
26,fev.,2024,24025,7,45,30,8,20,10,0
24,fev.,2024,24024,14,45,37,22,25,3,0
21,fev.,2024,24023,42,22,9,33,45,3,0
19,fev.,2024,24022,35,23,16,42,8,2,0
17,fev.,2024,24021,2,19,13,23,36,3,0
14,fev.,2024,24020,28,15,3,46,36,2,0
12,fev.,2024,24019,36,40,5,30,43,1,0
10,fev.,2024,24018,44,15,37,34,40,8,0
7,fev.,2024,24017,24,13,23,6,34,4,0
5,fev.,2024,24016,36,3,33,34,42,2,0
3,fev.,2024,24015,42,4,23,15,12,1,0
31,janv.,2024,24014,34,2,13,15,31,8,0
29,janv.,2024,24013,27,26,8,9,15,4,0
27,janv.,2024,24012,47,2,14,33,30,5,0
24,janv.,2024,24011,25,9,34,31,32,5,0
22,janv.,2024,24010,32,29,37,20,5,9,0
20,janv.,2024,24009,19,41,42,43,45,2,0
17,janv.,2024,24008,29,8,37,22,39,10,0
15,janv.,2024,24007,11,7,15,23,19,4,0
13,janv.,2024,24006,12,15,21,29,48,6,0
10,janv.,2024,24005,12,28,32,45,38,9,0
8,janv.,2024,24004,6,48,11,49,46,2,0
6,janv.,2024,24003,49,19,22,40,45,2,0
3,janv.,2024,24002,36,1,45,9,14,3,0
1,janv.,2024,24001,4,41,16,13,6,10,0
30,dec.,2023,23156,36,12,7,11,38,6,0
27,dec.,2023,23155,16,41,26,28,13,8,0
25,dec.,2023,23154,9,32,7,47,1,1,0
23,dec.,2023,23153,39,28,26,5,29,10,0
20,dec.,2023,23152,2,3,29,30,31,10,0
18,dec.,2023,23151,30,3,15,41,16,9,0
16,dec.,2023,23150,1,15,12,30,44,1,0
13,dec.,2023,23149,4,19,22,18,7,10,0
11,dec.,2023,23148,25,48,16,12,49,10,0
9,dec.,2023,23147,40,34,36,28,15,10,0
6,dec.,2023,23146,29,1,43,37,27,7,0
4,dec.,2023,23145,41,44,38,8,10,2,0
2,dec.,2023,23144,25,19,12,11,28,4,0
29,fev.,2023,23143,21,30,6,31,10,1,0
27,fev.,2023,23142,19,8,46,26,9,9,0
25,fev.,2023,23141,1,9,19,13,11,8,0
22,fev.,2023,23140,18,45,41,4,17,2,0
20,fev.,2023,23139,30,15,34,46,41,2,0
18,fev.,2023,23138,12,21,48,29,20,3,0
15,fev.,2023,23137,22,7,16,30,2,1,0
13,fev.,2023,23136,46,39,23,45,13,7,0
11,fev.,2023,23135,17,22,35,25,19,6,0
8,fev.,2023,23134,2,49,1,36,14,9,0
6,fev.,2023,23133,18,10,40,34,31,10,0
4,fev.,2023,23132,20,13,46,40,25,7,0
1,fev.,2023,23131,32,46,27,1,16,1,0
30,oct.,2023,23130,30,34,8,1,13,4,0
28,oct.,2023,23129,31,38,22,32,34,2,0
25,oct.,2023,23128,22,12,30,35,33,10,0
23,oct.,2023,23127,10,3,40,26,22,4,0
21,oct.,2023,23126,47,14,28,3,25,10,0
18,oct.,2023,23125,22,13,46,49,3,1,0
16,oct.,2023,23124,6,7,37,25,47,9,0
14,oct.,2023,23123,13,14,27,4,20,1,0
11,oct.,2023,23122,10,16,15,6,24,8,0
9,oct.,2023,23121,9,16,32,30,23,6,0
7,oct.,2023,23120,5,12,42,9,26,2,0
4,oct.,2023,23119,26,21,40,27,31,1,0
2,oct.,2023,23118,6,40,17,15,3,1,0
30,sept.,2023,23117,33,48,25,23,41,1,0
27,sept.,2023,23116,44,14,30,25,17,3,0
25,sept.,2023,23115,4,13,27,46,21,4,0
23,sept.,2023,23114,26,28,40,37,6,8,0
20,sept.,2023,23113,48,19,37,16,29,1,0
18,sept.,2023,23112,5,30,40,35,17,6,0
16,sept.,2023,23111,42,43,32,40,15,4,0
13,sept.,2023,23110,11,27,30,48,49,8,0
11,sept.,2023,23109,31,44,40,13,28,6,0
9,sept.,2023,23108,15,7,3,42,4,4,0
6,sept.,2023,23107,47,30,15,33,4,10,0
4,sept.,2023,23106,27,13,2,11,36,10,0
2,sept.,2023,23105,10,33,47,1,7,10,0
30,aout,2023,23104,46,31,20,45,39,10,0
28,aout,2023,23103,9,35,23,37,28,7,0
26,aout,2023,23102,15,14,21,34,45,5,0
23,aout,2023,23101,46,29,25,8,34,7,0
21,aout,2023,23100,3,17,4,36,22,6,0
19,aout,2023,23099,27,8,32,11,4,10,0
16,aout,2023,23098,24,41,19,35,27,9,0
14,aout,2023,23097,44,13,3,27,49,9,0
12,aout,2023,23096,9,20,44,1,39,9,0
9,aout,2023,23095,6,31,45,14,3,9,0
7,aout,2023,23094,11,1,15,48,47,7,0
5,aout,2023,23093,40,42,2,7,10,2,0
2,aout,2023,23092,18,12,32,9,23,9,0
31,juillet,2023,23091,1,47,22,33,4,1,0
29,juillet,2023,23090,1,49,29,18,37,4,0
26,juillet,2023,23089,17,49,18,28,11,7,0
24,juillet,2023,23088,12,1,31,45,17,7,0
22,juillet,2023,23087,37,33,42,36,31,3,0
19,juillet,2023,23086,35,5,39,19,11,9,0
17,juillet,2023,23085,47,6,20,9,41,9,0
15,juillet,2023,23084,7,32,42,45,12,6,0
12,juillet,2023,23083,31,18,34,27,26,8,0
10,juillet,2023,23082,14,3,10,44,8,2,0
8,juillet,2023,23081,6,19,48,32,10,5,0
5,juillet,2023,23080,22,8,19,7,15,5,0
3,juillet,2023,23079,42,23,2,8,35,7,0
1,juillet,2023,3078,24,7,18,15,9,10,0
28,juin,2023,3077,49,34,36,12,42,10,0
26,juin,2023,3076,14,21,48,16,26,3,0
24,juin,2023,3075,30,40,3,21,2,4,0
21,juin,2023,3074,20,35,27,19,12,4,0
19,juin,2023,3073,39,42,38,29,49,3,0
17,juin,2023,3072,28,43,29,38,44,3,0
14,juin,2023,3071,14,9,16,12,33,2,0
12,juin,2023,3070,12,26,28,19,21,2,0
10,juin,2023,3069,28,16,11,32,49,10,0
7,juin,2023,3068,41,28,3,4,23,8,0
5,juin,2023,3067,3,46,25,10,13,5,0
3,juin,2023,3066,46,44,37,2,39,4,0
31,mai,2023,3065,43,9,40,28,13,3,0
29,mai,2023,3064,12,38,28,24,36,3,0
27,mai,2023,3063,25,24,31,34,9,9,0
24,mai,2023,3062,20,11,36,17,28,10,0
22,mai,2023,3061,43,33,42,22,37,4,0
20,mai,2023,3060,25,18,3,8,37,6,0
17,mai,2023,3059,8,2,11,47,40,7,0
15,mai,2023,3058,12,9,48,7,29,4,0
13,mai,2023,23057,43,6,25,34,9,5,0
10,mai,2023,23056,45,12,44,15,9,1,0
8,mai,2023,23055,43,47,16,39,4,5,0
6,mai,2023,23054,47,25,42,2,30,10,0
3,mai,2023,23053,17,23,13,20,45,8,0
1,mai,2023,23052,15,41,33,44,5,10,0
29,avril,2023,23051,40,48,36,22,3,5,0
26,avril,2023,23050,3,18,24,11,14,10,0
24,avril,2023,23049,41,23,25,1,49,2,0
22,avril,2023,23048,12,26,48,13,35,1,0
19,avril,2023,23047,43,41,5,46,34,5,0
17,avril,2023,23046,3,18,42,13,43,9,0
15,avril,2023,23045,32,17,15,19,29,10,0
12,avril,2023,23044,18,26,10,30,15,7,0
10,avril,2023,23043,45,24,15,10,49,2,0
8,avril,2023,23042,19,35,48,3,42,10,0
5,avril,2023,23041,31,33,16,29,39,2,0
3,avril,2023,23040,49,15,39,31,46,4,0
1,avril,2023,23039,44,48,17,12,35,8,0
29,mars,2023,23038,34,1,32,14,11,9,0
27,mars,2023,23037,1,11,23,41,34,9,0
25,mars,2023,23036,3,34,29,7,11,4,0
22,mars,2023,23035,24,38,33,12,20,2,0
20,mars,2023,23034,38,19,10,26,7,8,0
18,mars,2023,23033,7,31,8,48,32,5,0
15,mars,2023,23032,37,20,15,5,17,2,0
13,mars,2023,23031,47,45,35,42,19,2,0
11,mars,2023,23030,6,34,14,33,18,6,0
8,mars,2023,23029,10,7,46,16,35,5,0
6,mars,2023,23028,24,38,41,18,5,7,0
4,mars,2023,23027,42,40,35,25,12,6,0
1,mars,2023,23026,18,39,45,14,21,8,0
27,fev.,2023,23025,5,37,14,6,2,1,0
25,fev.,2023,23024,34,19,3,1,43,3,0
22,fev.,2023,23023,37,35,3,24,31,4,0
20,fev.,2023,23022,35,43,41,22,16,7,0
18,fev.,2023,23021,12,24,1,13,5,9,0
15,fev.,2023,23020,20,24,5,44,28,6,0
13,fev.,2023,23019,20,8,33,27,35,2,0
11,fev.,2023,23018,43,9,15,47,45,9,0
8,fev.,2023,23017,44,24,16,21,34,7,0
6,fev.,2023,23016,32,13,5,21,6,3,0
4,fev.,2023,23015,42,26,31,13,16,2,0
1,fev.,2023,23014,12,48,38,35,9,5,0
30,janv.,2023,23013,35,27,8,30,34,5,0
28,janv.,2023,23012,15,44,5,30,45,5,0
25,janv.,2023,23011,32,26,44,18,21,10,0
23,janv.,2023,23010,28,6,10,35,32,9,0
21,janv.,2023,23009,41,4,45,18,24,6,0
18,janv.,2023,23008,7,35,48,39,11,8,0
16,janv.,2023,23007,5,31,10,19,28,4,0
14,janv.,2023,23006,22,36,40,13,14,9,0
11,janv.,2023,23005,8,16,17,3,47,9,0
9,janv.,2023,23004,38,1,48,30,20,3,0
7,janv.,2023,23003,8,43,7,21,34,6,0
4,janv.,2023,23002,3,5,49,38,25,10,0
2,janv.,2023,23001,49,39,45,41,1,5,0
31,dec.,2022,22157,35,39,16,11,23,8,0
28,dec.,2022,22156,29,1,3,35,8,8,0
26,dec.,2022,22155,6,23,32,49,48,4,0
24,dec.,2022,22154,12,41,47,46,6,6,0
21,dec.,2022,22153,11,22,15,12,21,7,0
19,dec.,2022,22152,43,35,6,31,36,4,0
17,dec.,2022,22151,46,27,42,23,8,3,0
14,dec.,2022,22150,15,37,4,20,6,10,0
12,dec.,2022,22149,46,25,47,2,35,10,0
10,dec.,2022,22148,6,43,29,13,27,2,0
7,dec.,2022,22147,2,12,38,15,10,5,0
5,dec.,2022,22146,36,45,9,24,17,7,0
3,dec.,2022,22145,32,19,34,26,27,9,0
30,fev.,2022,22144,44,18,28,49,30,5,0
28,fev.,2022,22143,24,46,9,2,13,6,0
26,fev.,2022,22142,5,7,28,23,2,5,0
23,fev.,2022,22141,46,36,45,15,19,4,0
21,fev.,2022,22140,45,33,47,15,23,7,0
19,fev.,2022,22139,40,24,19,1,28,8,0
16,fev.,2022,22138,1,8,48,38,3,1,0
14,fev.,2022,22137,28,23,34,44,14,5,0
12,fev.,2022,22136,14,44,34,25,4,7,0
9,fev.,2022,22135,15,2,1,41,30,9,0
7,fev.,2022,22134,24,8,9,40,31,7,0
5,fev.,2022,22133,40,6,38,23,32,10,0
2,fev.,2022,22132,45,7,38,4,26,2,0
31,oct.,2022,22131,34,25,45,44,4,7,0
29,oct.,2022,22130,33,28,48,44,26,4,0
26,oct.,2022,22129,45,30,4,2,23,5,0
24,oct.,2022,22128,43,28,33,37,29,1,0
22,oct.,2022,22127,12,2,25,35,7,10,0
19,oct.,2022,22126,35,16,38,46,25,8,0
17,oct.,2022,22125,38,49,20,16,40,2,0
15,oct.,2022,22124,31,16,27,24,46,1,0
12,oct.,2022,22123,17,44,7,40,39,3,0
10,oct.,2022,22122,19,40,32,13,46,7,0
8,oct.,2022,22121,17,20,48,16,34,7,0
5,oct.,2022,22120,32,23,39,35,14,7,0
3,oct.,2022,22119,20,40,31,7,23,1,0
1,oct.,2022,22118,8,7,35,36,26,2,0
28,sept.,2022,22117,12,39,26,14,29,10,0
26,sept.,2022,22116,29,49,35,18,39,1,0
24,sept.,2022,22115,25,6,32,7,4,10,0
21,sept.,2022,22114,3,12,22,9,37,10,0
19,sept.,2022,22113,5,7,44,15,33,1,0
17,sept.,2022,22112,12,17,1,20,3,3,0
14,sept.,2022,22111,40,10,38,26,45,1,0
12,sept.,2022,22110,4,49,20,7,21,10,0
10,sept.,2022,22109,25,3,8,49,24,5,0
7,sept.,2022,22108,20,35,30,3,29,9,0
5,sept.,2022,22107,5,1,35,27,40,4,0
3,sept.,2022,22106,35,24,44,38,32,6,0
31,aout,2022,22105,9,39,10,15,45,7,0
29,aout,2022,22104,5,10,28,34,22,4,0
27,aout,2022,22103,32,39,22,11,34,3,0
24,aout,2022,22102,39,42,36,27,22,10,0
22,aout,2022,22101,39,46,2,9,44,9,0
20,aout,2022,22100,21,38,17,1,46,2,0
17,aout,2022,22099,16,5,14,29,17,3,0
15,aout,2022,22098,34,4,48,42,22,3,0
13,aout,2022,22097,17,38,37,11,39,2,0
10,aout,2022,22096,15,35,11,28,9,2,0
8,aout,2022,22095,41,22,3,37,40,2,0
6,aout,2022,22094,37,28,23,38,6,1,0
3,aout,2022,22093,45,10,5,40,32,5,0
1,aout,2022,22092,38,1,4,23,30,6,0
30,juillet,2022,22091,14,21,24,2,38,6,0
27,juillet,2022,22090,13,43,31,47,46,10,0
25,juillet,2022,22089,26,42,13,7,24,2,0
23,juillet,2022,22088,15,47,39,25,41,9,0
20,juillet,2022,22087,29,21,31,47,17,4,0
18,juillet,2022,22086,18,29,49,37,5,8,0
16,juillet,2022,22085,3,33,4,49,14,3,0
13,juillet,2022,22084,30,48,7,31,46,3,0
11,juillet,2022,22083,10,5,49,47,1,1,0
9,juillet,2022,22082,37,24,34,9,8,2,0
6,juillet,2022,22081,43,16,10,25,44,4,0
4,juillet,2022,22080,18,20,4,12,26,8,0
2,juillet,2022,20222079,32,20,22,46,34,9,0
29,juin,2022,20222078,16,47,43,24,26,9,0
27,juin,2022,20222077,34,31,36,24,37,1,0
25,juin,2022,20222076,2,47,40,31,49,9,0
22,juin,2022,20222075,17,40,10,27,23,2,0
20,juin,2022,20222074,27,47,23,48,14,3,0
18,juin,2022,20222073,31,1,12,32,28,9,0
15,juin,2022,20222072,11,37,44,13,21,6,0
13,juin,2022,20222071,44,45,46,43,31,10,0
11,juin,2022,20222070,7,28,4,11,10,8,0
8,juin,2022,20222069,38,33,39,27,26,5,0
6,juin,2022,20222068,20,5,22,23,18,5,0
4,juin,2022,20222067,9,23,17,42,6,5,0
1,juin,2022,20222066,33,4,35,22,2,7,0
30,mai,2022,20222065,22,12,38,13,14,2,0
28,mai,2022,20222064,20,27,21,26,7,7,0
25,mai,2022,20222063,37,30,24,27,45,10,0
23,mai,2022,20222062,30,26,48,41,47,6,0
21,mai,2022,20222061,1,12,41,7,21,4,0
18,mai,2022,20222060,14,23,22,45,36,7,0
16,mai,2022,20222059,21,33,4,14,32,1,0
14,mai,2022,20222058,4,44,29,32,24,4,0
11,mai,2022,20222057,23,45,7,2,46,10,0
9,mai,2022,20222056,6,33,7,9,15,2,0
7,mai,2022,20222055,23,37,38,7,15,3,0
4,mai,2022,20222054,37,30,17,12,41,2,0
2,mai,2022,20222053,46,20,13,47,8,7,0
30,avril,2022,20222052,6,27,5,21,47,9,0
27,avril,2022,20222051,8,13,1,43,31,10,0
25,avril,2022,20222050,31,36,42,23,8,7,0
23,avril,2022,20222049,44,20,11,9,42,4,0
20,avril,2022,20222048,45,46,4,13,33,7,0
18,avril,2022,20222047,10,39,33,9,47,5,0
16,avril,2022,20222046,4,41,30,27,21,6,0
13,avril,2022,20222045,36,29,44,46,35,8,0
11,avril,2022,20222044,32,3,22,18,17,10,0
9,avril,2022,20222043,3,15,13,29,40,10,0
6,avril,2022,20222042,6,20,48,12,38,7,0
4,avril,2022,20222041,23,22,33,36,10,6,0
2,avril,2022,20222040,15,6,11,28,24,10,0
30,mars,2022,20222039,12,34,16,26,10,7,0
28,mars,2022,20222038,16,48,21,5,26,10,0
26,mars,2022,20222037,40,10,37,34,12,5,0
23,mars,2022,20222036,20,2,29,39,18,10,0
21,mars,2022,20222035,10,26,46,35,5,9,0
19,mars,2022,20222034,44,38,33,49,41,7,0
16,mars,2022,20222033,1,49,12,39,24,3,0
14,mars,2022,20222032,11,5,32,49,9,6,0
12,mars,2022,20222031,16,47,33,21,5,5,0
9,mars,2022,20222030,32,8,21,41,25,4,0
7,mars,2022,20222029,8,27,29,15,41,4,0
5,mars,2022,20222028,37,26,36,14,1,3,0
2,mars,2022,20222027,46,4,3,43,22,6,0
28,fev.,2022,20222026,43,9,21,36,27,2,0
26,fev.,2022,20222025,29,39,28,22,30,3,0
23,fev.,2022,20222024,33,15,6,12,14,8,0
21,fev.,2022,20222023,2,6,10,32,17,5,0
19,fev.,2022,20222022,32,24,49,39,40,1,0
16,fev.,2022,20222021,22,24,41,21,32,2,0
14,fev.,2022,20222020,26,13,29,15,20,5,0
12,fev.,2022,20222019,45,22,28,40,37,10,0
9,fev.,2022,20222018,44,48,31,46,21,1,0
7,fev.,2022,20222017,37,15,18,31,46,3,0
5,fev.,2022,20222016,48,31,24,11,38,9,0
2,fev.,2022,20222015,11,37,49,28,40,4,0
31,janv.,2022,20222014,25,32,31,36,10,8,0
29,janv.,2022,20222013,42,29,25,46,8,9,0
26,janv.,2022,20222012,14,16,33,38,45,10,0
24,janv.,2022,20222011,15,38,7,4,40,2,0
22,janv.,2022,20222010,26,3,39,17,30,8,0
19,janv.,2022,20222009,44,27,41,8,43,6,0
17,janv.,2022,20222008,4,27,5,15,22,9,0
15,janv.,2022,20222007,19,10,30,13,47,8,0
12,janv.,2022,20222006,23,20,1,26,44,4,0
10,janv.,2022,20222005,14,43,34,41,35,9,0
8,janv.,2022,20222004,22,42,43,17,25,10,0
5,janv.,2022,20222003,17,45,30,32,6,4,0
3,janv.,2022,20222002,33,36,34,38,22,5,0
1,janv.,2022,20222001,30,36,14,6,39,5,0
29,dec.,2021,20211156,21,18,33,49,48,7,0
27,dec.,2021,20211155,32,20,6,12,14,8,0
25,dec.,2021,20211154,6,25,48,21,37,10,0
22,dec.,2021,20211153,41,20,46,11,24,1,0
20,dec.,2021,20211152,22,23,12,47,25,1,0
18,dec.,2021,20211151,10,46,2,31,38,8,0
15,dec.,2021,20211150,34,47,11,37,38,8,0
13,dec.,2021,20211149,23,38,36,18,19,1,0
11,dec.,2021,20211148,16,45,34,42,26,9,0
8,dec.,2021,20211147,28,26,1,30,16,4,0
6,dec.,2021,20211146,29,16,36,7,15,6,0
4,dec.,2021,20211145,23,18,34,5,44,5,0
1,dec.,2021,20211144,26,18,3,49,46,6,0
29,fev.,2021,20211143,30,26,35,44,31,4,0
27,fev.,2021,20211142,25,28,46,12,27,4,0
24,fev.,2021,20211141,14,34,39,24,47,8,0
22,fev.,2021,20211140,19,12,8,41,16,5,0
20,fev.,2021,20211139,44,9,18,17,42,8,0
17,fev.,2021,20211138,37,40,36,4,43,6,0
15,fev.,2021,20211137,34,7,8,41,42,8,0
13,fev.,2021,20211136,39,13,12,31,26,6,0
10,fev.,2021,20211135,31,12,9,40,41,2,0
8,fev.,2021,20211134,44,32,11,48,7,3,0
6,fev.,2021,20211133,19,2,18,22,4,3,0
3,fev.,2021,20211132,7,39,31,38,42,10,0
1,fev.,2021,20211131,47,27,26,43,1,6,0
30,oct.,2021,20211130,46,11,43,12,30,9,0
27,oct.,2021,20211129,41,16,44,27,15,9,0
25,oct.,2021,20211128,31,48,43,37,3,10,0
23,oct.,2021,20211127,6,36,35,10,48,9,0
20,oct.,2021,20211126,26,35,16,22,42,4,0
18,oct.,2021,20211125,41,27,36,35,9,6,0
16,oct.,2021,20211124,23,15,46,5,37,10,0
13,oct.,2021,20211123,21,20,19,43,49,10,0
11,oct.,2021,20211122,26,7,1,9,28,3,0
9,oct.,2021,20211121,22,29,19,15,34,3,0
6,oct.,2021,20211120,44,34,20,8,41,2,0
4,oct.,2021,20211119,44,15,5,19,7,1,0
2,oct.,2021,20211118,6,46,35,20,8,9,0
29,sept.,2021,20211117,6,39,28,13,33,10,0
27,sept.,2021,20211116,12,26,31,40,37,3,0
25,sept.,2021,20211115,20,35,49,18,16,1,0
22,sept.,2021,20211114,5,40,13,14,9,1,0
20,sept.,2021,20211113,12,10,45,15,31,5,0
18,sept.,2021,20211112,39,38,21,2,9,2,0
15,sept.,2021,20211111,48,22,4,30,27,7,0
13,sept.,2021,20211110,4,30,24,21,40,4,0
11,sept.,2021,20211109,5,3,49,33,15,8,0
8,sept.,2021,20211108,7,34,27,12,15,4,0
6,sept.,2021,20211107,3,31,36,13,40,9,0
4,sept.,2021,20211106,41,49,30,45,35,3,0
1,sept.,2021,20211105,49,27,32,24,17,7,0
30,aout,2021,20211104,32,34,18,44,3,9,0
28,aout,2021,20211103,48,43,46,11,8,9,0
25,aout,2021,20211102,19,9,29,26,3,8,0
23,aout,2021,20211101,13,22,31,11,21,6,0
21,aout,2021,20211100,46,8,2,19,29,2,0
18,aout,2021,20211099,4,7,12,24,25,2,0
16,aout,2021,20211098,22,27,13,10,49,4,0
14,aout,2021,20211097,4,28,42,49,35,7,0
11,aout,2021,20211096,43,13,21,5,6,4,0
9,aout,2021,20211095,37,43,45,28,38,3,0
7,aout,2021,20211094,7,24,36,6,47,10,0
4,aout,2021,20211093,21,36,22,20,44,10,0
2,aout,2021,20211092,24,44,46,42,7,2,0
31,juillet,2021,20211091,22,6,46,7,17,3,0
28,juillet,2021,20211090,1,28,3,29,8,6,0
26,juillet,2021,20211089,42,5,34,21,37,10,0
24,juillet,2021,20211088,24,40,5,31,22,9,0
21,juillet,2021,20211087,27,25,6,37,32,9,0
19,juillet,2021,20211086,3,28,15,4,2,5,0
17,juillet,2021,20211085,31,8,47,11,17,6,0
14,juillet,2021,20211084,36,18,38,31,29,10,0
12,juillet,2021,20211083,38,31,8,37,30,1,0
10,juillet,2021,20211082,43,3,38,42,46,1,0
7,juillet,2021,20211081,37,18,8,44,46,2,0
5,juillet,2021,20211080,43,36,3,32,45,2,0
3,juillet,2021,20211079,33,48,13,2,19,2,0
30,juin,2021,20211078,8,44,6,48,31,9,0
28,juin,2021,20211077,4,28,48,8,15,1,0
26,juin,2021,20211076,37,24,38,13,45,6,0
23,juin,2021,20211075,1,16,6,3,40,1,0
21,juin,2021,20211074,44,21,25,18,47,10,0
19,juin,2021,20211073,3,44,46,27,14,6,0
16,juin,2021,20211072,22,23,35,46,3,9,0
14,juin,2021,20211071,40,12,47,21,19,7,0
12,juin,2021,20211070,9,2,5,29,10,1,0
9,juin,2021,20211069,16,33,41,2,24,8,0
7,juin,2021,20211068,6,28,34,7,11,8,0
5,juin,2021,20211067,45,16,6,37,25,9,0
2,juin,2021,20211066,33,34,25,3,26,6,0
31,mai,2021,20211065,25,3,13,32,47,9,0
29,mai,2021,20211064,32,4,36,44,9,3,0
26,mai,2021,20211063,20,1,22,5,42,6,0
24,mai,2021,20211062,11,44,47,29,7,9,0
22,mai,2021,20211061,9,2,45,19,7,10,0
19,mai,2021,20211060,28,17,41,3,23,3,0
17,mai,2021,20211059,23,42,3,17,47,4,0
15,mai,2021,20211058,7,31,29,24,47,3,0
12,mai,2021,20211057,19,11,22,36,9,1,0
10,mai,2021,20211056,44,12,13,17,27,10,0
8,mai,2021,20211055,41,35,40,6,24,6,0
5,mai,2021,20211054,36,48,46,41,8,6,0
3,mai,2021,20211053,44,8,11,48,37,6,0
1,mai,2021,20211052,27,25,5,34,38,7,0
28,avril,2021,20211051,4,15,10,49,12,6,0
26,avril,2021,20211050,2,34,41,32,8,6,0
24,avril,2021,20211049,41,12,26,42,36,7,0
21,avril,2021,20211048,45,31,6,49,39,4,0
19,avril,2021,20211047,49,17,36,44,27,1,0
17,avril,2021,20211046,38,37,17,34,30,1,0
14,avril,2021,20211045,27,25,20,23,47,6,0
12,avril,2021,20211044,43,14,26,7,11,7,0
10,avril,2021,20211043,9,35,15,8,4,8,0
7,avril,2021,20211042,35,19,9,16,43,4,0
5,avril,2021,20211041,32,22,2,12,15,8,0
3,avril,2021,20211040,17,1,38,2,45,2,0
31,mars,2021,20211039,2,27,24,35,22,5,0
29,mars,2021,20211038,41,28,18,13,38,1,0
27,mars,2021,20211037,16,11,18,8,10,5,0
24,mars,2021,20211036,22,38,28,37,9,10,0
22,mars,2021,20211035,15,6,34,39,24,4,0
20,mars,2021,20211034,42,18,14,4,27,3,0
17,mars,2021,20211033,45,18,46,3,30,3,0
15,mars,2021,20211032,29,38,33,15,41,2,0
13,mars,2021,20211031,47,22,19,4,10,8,0
10,mars,2021,20211030,26,42,33,20,34,9,0
8,mars,2021,20211029,24,8,38,19,40,10,0
6,mars,2021,20211028,11,22,3,13,30,8,0
3,mars,2021,20211027,38,8,41,49,19,7,0
1,mars,2021,20211026,4,14,21,47,8,9,0
27,fev.,2021,20211025,4,29,42,43,11,10,0
24,fev.,2021,20211024,47,18,41,10,19,2,0
22,fev.,2021,20211023,3,37,26,15,24,7,0
20,fev.,2021,20211022,21,36,19,39,49,5,0
17,fev.,2021,20211021,34,31,35,41,29,8,0
15,fev.,2021,20211020,13,22,17,6,12,7,0
13,fev.,2021,20211019,13,17,31,28,9,10,0
10,fev.,2021,20211018,44,13,29,15,33,4,0
8,fev.,2021,20211017,19,10,9,29,5,8,0
6,fev.,2021,20211016,44,42,15,9,47,10,0
3,fev.,2021,20211015,17,31,26,37,21,10,0
1,fev.,2021,20211014,1,18,45,17,21,9,0
30,janv.,2021,20211013,17,5,33,9,37,4,0
27,janv.,2021,20211012,27,44,25,23,6,6,0
25,janv.,2021,20211011,13,31,49,7,3,5,0
23,janv.,2021,20211010,1,19,13,24,48,5,0
20,janv.,2021,20211009,21,11,22,40,32,9,0
18,janv.,2021,20211008,5,43,10,48,25,10,0
16,janv.,2021,20211007,44,20,14,22,36,2,0
13,janv.,2021,20211006,32,42,30,17,41,5,0
11,janv.,2021,20211005,33,46,8,17,1,5,0
9,janv.,2021,20211004,49,12,27,11,7,1,0
6,janv.,2021,20211003,41,21,32,47,11,9,0
4,janv.,2021,20211002,31,39,30,49,19,8,0
2,janv.,2021,20211001,5,27,7,24,41,10,0
30,dec.,2020,20200157,36,20,13,31,38,1,0
28,dec.,2020,20200156,41,34,42,22,1,5,0
26,dec.,2020,20200155,31,3,40,35,2,7,0
23,dec.,2020,20200154,5,3,39,31,38,9,0
21,dec.,2020,20200153,10,31,36,37,44,5,0
19,dec.,2020,20200152,30,29,49,23,10,5,0
16,dec.,2020,20200151,21,6,41,17,16,9,0
14,dec.,2020,20200150,47,48,13,34,2,6,0
12,dec.,2020,20200149,14,31,9,45,23,6,0
9,dec.,2020,20200148,47,17,48,39,24,7,0
7,dec.,2020,20200147,45,27,48,4,38,4,0
5,dec.,2020,20200146,34,20,14,35,9,1,0
2,dec.,2020,20200145,23,14,40,46,27,1,0
30,fev.,2020,20200144,28,9,26,29,18,3,0
28,fev.,2020,20200143,9,25,2,47,35,10,0
25,fev.,2020,20200142,1,26,14,31,10,4,0
23,fev.,2020,20200141,15,20,12,6,1,1,0
21,fev.,2020,20200140,49,17,44,5,46,4,0
18,fev.,2020,20200139,28,11,14,43,41,8,0
16,fev.,2020,20200138,7,47,16,33,42,7,0
14,fev.,2020,20200137,40,26,17,24,43,9,0
11,fev.,2020,20200136,15,17,10,37,16,9,0
9,fev.,2020,20200135,26,18,41,38,5,10,0
7,fev.,2020,20200134,45,5,48,42,30,9,0
4,fev.,2020,20200133,29,10,16,14,9,1,0
2,fev.,2020,20200132,42,43,38,33,31,3,0
31,oct.,2020,20200131,22,35,9,28,13,5,0
28,oct.,2020,20200130,25,43,30,2,19,9,0
26,oct.,2020,20200129,33,7,8,12,22,5,0
24,oct.,2020,20200128,8,25,4,12,45,2,0
21,oct.,2020,20200127,35,48,33,21,15,1,0
19,oct.,2020,20200126,7,35,48,28,25,1,0
17,oct.,2020,20200125,28,23,24,9,20,4,0
14,oct.,2020,20200124,19,42,32,26,39,6,0
12,oct.,2020,20200123,18,7,21,42,11,3,0
10,oct.,2020,20200122,48,26,31,47,42,8,0
7,oct.,2020,20200121,17,30,6,49,19,2,0
5,oct.,2020,20200120,6,22,19,5,9,5,0
3,oct.,2020,20200119,31,36,9,33,18,2,0
30,sept.,2020,20200118,26,24,49,32,2,5,0
28,sept.,2020,20200117,33,22,44,6,35,2,0
26,sept.,2020,20200116,4,31,49,8,39,9,0
23,sept.,2020,20200115,11,5,25,23,33,5,0
21,sept.,2020,20200114,46,41,38,19,16,9,0
19,sept.,2020,20200113,33,42,27,46,32,7,0
16,sept.,2020,20200112,28,19,49,23,17,7,0
14,sept.,2020,20200111,23,49,5,13,32,2,0
12,sept.,2020,20200110,16,46,12,21,24,2,0
9,sept.,2020,20200109,24,48,20,29,45,3,0
7,sept.,2020,20200108,37,35,31,44,14,7,0
5,sept.,2020,20200107,22,15,19,24,46,3,0
2,sept.,2020,20200106,14,23,21,47,3,3,0
31,aout,2020,20200105,7,16,17,4,11,10,0
29,aout,2020,20200104,23,15,38,21,39,4,0
26,aout,2020,20200103,13,45,4,40,31,3,0
24,aout,2020,20200102,28,18,22,37,19,2,0
22,aout,2020,20200101,7,11,5,32,33,5,0
19,aout,2020,20200100,35,11,13,4,34,1,0
17,aout,2020,20200099,6,1,39,48,40,6,0
15,aout,2020,20200098,5,41,3,42,15,7,0
12,aout,2020,20200097,17,47,30,3,44,3,0
10,aout,2020,20200096,28,38,2,1,11,6,0
8,aout,2020,20200095,35,42,49,4,6,9,0
5,aout,2020,20200094,46,32,22,15,17,8,0
3,aout,2020,20200093,43,48,42,23,30,7,0
1,aout,2020,20200092,17,18,25,38,9,9,0
29,juillet,2020,20200091,47,46,7,19,39,5,0
27,juillet,2020,20200090,19,24,45,15,25,3,0
25,juillet,2020,20200089,18,10,6,15,48,4,0
22,juillet,2020,20200088,4,28,38,20,18,1,0
20,juillet,2020,20200087,8,42,22,28,26,2,0
18,juillet,2020,20200086,11,42,22,34,43,4,0
15,juillet,2020,20200085,6,12,4,35,44,3,0
13,juillet,2020,20200084,24,3,35,46,2,8,0
11,juillet,2020,20200083,32,6,35,28,40,7,0
8,juillet,2020,20200082,30,48,37,9,26,8,0
6,juillet,2020,20200081,2,11,42,30,35,6,0
4,juillet,2020,20200080,23,13,27,44,36,6,0
1,juillet,2020,20200079,44,47,5,13,14,8,0
29,juin,2020,20200078,21,29,20,47,46,7,0
27,juin,2020,20200077,1,39,2,6,27,4,0
24,juin,2020,20200076,36,8,31,34,17,7,0
22,juin,2020,20200075,9,36,5,21,39,5,0
20,juin,2020,20200074,8,24,33,38,14,5,0
17,juin,2020,20200073,26,13,10,20,46,1,0
15,juin,2020,20200072,22,49,26,2,47,2,0
13,juin,2020,20200071,25,32,6,5,28,4,0
10,juin,2020,20200070,47,36,20,11,9,2,0
8,juin,2020,20200069,8,22,26,46,2,1,0
6,juin,2020,20200068,14,7,43,44,29,5,0
3,juin,2020,20200067,12,13,26,44,16,6,0
1,juin,2020,20200066,24,26,2,36,32,7,0
30,mai,2020,20200065,5,14,42,44,16,9,0
27,mai,2020,20200064,29,6,12,44,31,6,0
25,mai,2020,20200063,9,26,30,42,36,4,0
23,mai,2020,20200062,22,28,3,23,29,2,0
20,mai,2020,20200061,45,14,39,20,47,8,0
18,mai,2020,20200060,20,30,35,14,10,9,0
16,mai,2020,20200059,26,27,41,46,19,4,0
13,mai,2020,20200058,43,4,17,38,49,8,0
11,mai,2020,20200057,34,5,33,3,17,10,0
9,mai,2020,20200056,48,39,29,47,35,7,0
6,mai,2020,20200055,48,36,14,15,10,3,0
4,mai,2020,20200054,39,8,9,33,15,10,0
2,mai,2020,20200053,43,22,12,30,9,4,0
29,avril,2020,20200052,25,29,47,5,7,1,0
27,avril,2020,20200051,41,11,19,29,14,9,0
25,avril,2020,20200050,49,6,24,13,10,3,0
22,avril,2020,20200049,28,30,43,40,41,7,0
20,avril,2020,20200048,37,5,9,7,41,6,0
18,avril,2020,20200047,45,1,33,47,27,8,0
15,avril,2020,20200046,16,1,31,48,3,6,0
13,avril,2020,20200045,42,1,19,23,17,9,0
11,avril,2020,20200044,8,43,1,48,41,7,0
8,avril,2020,20200043,16,9,19,26,6,9,0
6,avril,2020,20200042,23,29,18,35,7,4,0
4,avril,2020,20200041,40,2,35,39,42,9,0
1,avril,2020,20200040,41,48,42,28,3,6,0
30,mars,2020,20200039,21,37,12,17,23,7,0
28,mars,2020,20200038,35,23,26,32,22,5,0
25,mars,2020,20200037,40,45,24,32,34,1,0
23,mars,2020,20200036,28,49,5,48,21,2,0
21,mars,2020,20200035,16,37,8,7,42,8,0
18,mars,2020,20200034,48,10,46,28,29,9,0
16,mars,2020,20200033,44,16,4,40,23,3,0
14,mars,2020,20200032,28,41,38,31,43,10,0
11,mars,2020,20200031,38,45,5,14,46,1,0
9,mars,2020,20200030,26,41,5,33,42,7,0
7,mars,2020,20200029,5,35,37,4,24,2,0
4,mars,2020,20200028,10,17,33,30,49,4,0
2,mars,2020,20200027,42,26,21,39,40,5,0
29,fev.,2020,20200026,37,24,19,10,5,6,0
26,fev.,2020,20200025,20,6,30,32,45,4,0
24,fev.,2020,20200024,20,15,27,9,47,7,0
22,fev.,2020,20200023,4,39,26,5,24,4,0
19,fev.,2020,20200022,40,16,21,41,46,2,0
17,fev.,2020,20200021,44,39,7,41,19,1,0
15,fev.,2020,20200020,48,4,25,5,45,7,0
12,fev.,2020,20200019,47,38,17,30,43,5,0
10,fev.,2020,20200018,15,49,37,25,38,8,0
8,fev.,2020,20200017,47,31,12,45,7,10,0
5,fev.,2020,20200016,30,21,6,11,29,4,0
3,fev.,2020,20200015,49,20,7,31,33,4,0
1,fev.,2020,20200014,36,25,22,21,16,9,0
29,janv.,2020,20200013,31,30,6,14,45,8,0
27,janv.,2020,20200012,27,12,10,7,41,1,0
25,janv.,2020,20200011,36,17,30,7,11,5,0
22,janv.,2020,20200010,25,28,42,26,12,10,0
20,janv.,2020,20200009,13,38,31,30,26,1,0
18,janv.,2020,20200008,12,1,33,13,2,9,0
15,janv.,2020,20200007,35,19,8,22,46,2,0
13,janv.,2020,20200006,16,11,25,32,14,9,0
11,janv.,2020,20200005,48,14,2,23,13,3,0
8,janv.,2020,20200004,17,44,29,16,37,8,0
6,janv.,2020,20200003,49,10,19,26,30,3,0
4,janv.,2020,20200002,22,9,43,31,34,5,0
1,janv.,2020,20200001,11,7,32,24,4,10,0
30,dec.,2019,20199156,12,38,34,32,48,6,0
28,dec.,2019,20199155,24,48,49,18,8,8,0
25,dec.,2019,20199154,36,40,45,24,15,9,0
23,dec.,2019,20199153,37,36,32,20,7,2,0
21,dec.,2019,20199152,48,23,27,19,22,2,0
18,dec.,2019,20199151,23,6,17,5,7,9,0
16,dec.,2019,20199150,38,26,39,35,10,6,0
14,dec.,2019,20199149,3,48,17,4,38,9,0
11,dec.,2019,20199148,25,33,48,1,40,8,0
9,dec.,2019,20199147,1,34,15,24,25,8,0
7,dec.,2019,20199146,40,29,44,38,10,8,0
4,dec.,2019,20199145,8,30,26,35,40,2,0
2,dec.,2019,20199144,39,28,14,11,42,9,0
30,fev.,2019,20199143,7,25,17,48,16,3,0
27,fev.,2019,20199142,44,2,15,29,18,4,0
25,fev.,2019,20199141,44,41,35,33,38,8,0
23,fev.,2019,20199140,4,27,28,9,22,4,0
20,fev.,2019,20199139,22,23,7,30,37,3,0
18,fev.,2019,20199138,31,44,6,15,12,7,0
16,fev.,2019,20199137,10,49,30,12,29,9,0
13,fev.,2019,20199136,22,13,10,35,19,1,0
11,fev.,2019,20199135,28,14,27,13,25,5,0
9,fev.,2019,20199134,26,24,6,18,29,3,0
6,fev.,2019,20199133,43,27,23,44,42,10,0
