Date,Mois,Année,Tirage,#1,#2,#3,#4,#5,#6,Comp
16,Sept.,2024,112,1,16,17,20,26,49,48
14,Sept.,2024,111,2,6,15,20,29,32,41
11,Sept.,2024,110,1,3,27,29,36,39,22
9,Sept.,2024,109,6,13,14,19,20,31,21
7,Sept.,2024,108,8,10,26,29,31,46,22
4,Sept.,2024,107,7,18,23,38,42,43,30
2,Sept.,2024,106,3,11,12,22,23,36,26
31,Agust,2024,105,19,26,30,32,41,43,42
28,Agust,2024,104,7,9,23,31,34,41,21
26,Agust,2024,103,8,12,19,46,47,48,18
24,Agust,2024,102,11,16,28,30,34,43,31
21,Agust,2024,101,5,8,10,14,28,41,29
19,Agust,2024,100,1,16,17,32,35,44,4
17,Agust,2024,99,10,14,15,20,35,39,43
14,Agust,2024,98,26,30,36,38,42,49,2
12,Agust,2024,97,8,11,14,29,33,38,20
10,Agust,2024,96,1,5,29,33,37,44,4
7,Agust,2024,95,5,9,14,15,31,33,22
5,Agust,2024,94,2,6,13,15,19,48,28
3,Agust,2024,93,6,25,33,35,38,39,49
31,July,2024,92,4,8,17,19,28,47,3
29,July,2024,91,12,20,28,39,40,45,16
27,July,2024,90,1,3,20,23,30,47,35
24,July,2024,89,1,14,15,31,34,39,25
22,July,2024,88,4,10,15,25,29,34,43
20,July,2024,87,10,18,26,41,44,46,47
17,July,2024,86,14,16,18,19,25,41,29
15,July,2024,85,5,6,16,24,44,45,29
13,July,2024,84,1,3,5,13,18,31,37
10,July,2024,83,3,16,19,26,46,48,29
8,July,2024,82,2,16,21,27,47,49,44
6,July,2024,81,11,25,34,35,44,47,9
3,July,2024,80,4,6,12,17,32,34,47
1,July,2024,79,12,17,25,29,41,45,39
29,June,2024,78,5,12,16,22,24,36,31
26,June,2024,77,7,17,18,19,27,35,43
24,June,2024,76,9,18,19,27,28,32,7
22,June,2024,75,1,15,16,21,41,48,12
19,June,2024,74,19,34,38,42,47,48,5
17,June,2024,73,9,18,23,28,32,41,35
15,June,2024,72,7,9,18,36,38,46,1
12,June,2024,71,16,21,36,42,45,46,48
10,June,2024,70,14,21,25,31,33,44,26
8,June,2024,69,2,9,17,26,39,48,42
5,June,2024,68,1,19,31,35,36,43,13
3,June,2024,67,1,15,16,28,30,36,3
1,June,2024,66,2,10,23,24,30,31,34
29,May,2024,65,10,14,36,37,48,49,31
27,May,2024,64,4,8,15,27,29,45,43
25,May,2024,63,14,16,30,34,35,48,17
22,May,2024,62,10,32,35,36,42,43,8
20,May,2024,61,7,13,17,18,27,44,28
18,May,2024,60,8,12,18,19,23,44,20
15,May,2024,59,2,8,12,27,36,48,10
13,May,2024,58,13,14,19,42,44,49,20
11,May,2024,57,10,13,26,34,44,46,25
8,May,2024,56,21,26,29,30,37,49,44
6,May,2024,55,27,28,30,40,48,49,33
4,May,2024,54,12,16,31,37,39,49,34
1,May,2024,53,7,14,39,42,46,48,37
29,April,2024,52,15,23,35,37,43,44,33
27,April,2024,51,1,18,27,37,39,49,35
24,April,2024,50,5,6,13,26,31,44,48
22,April,2024,49,17,20,21,27,32,49,3
20,April,2024,48,6,26,28,29,30,44,49
17,April,2024,47,1,4,11,19,41,44,49
15,April,2024,46,4,13,18,35,37,43,42
13,April,2024,45,7,9,22,32,33,46,35
10,April,2024,44,12,16,26,27,33,37,40
8,April,2024,43,6,14,18,19,26,39,7
6,April,2024,42,1,18,21,37,38,48,25
3,April,2024,41,1,7,23,25,27,48,47
1,April,2024,40,6,8,28,35,45,48,3
30,mars,2024,39,3,16,21,33,41,42,37
27,mars,2024,38,16,22,33,37,39,45,24
25,mars,2024,37,12,21,38,39,46,49,27
23,mars,2024,36,10,12,14,18,23,28,47
20,mars,2024,35,5,12,19,24,27,42,28
18,mars,2024,34,1,8,10,24,26,38,21
16,mars,2024,33,3,17,24,31,37,39,25
13,mars,2024,32,1,4,7,30,35,48,8
11,mars,2024,31,2,8,29,33,37,41,45
9,mars,2024,30,12,18,27,35,36,45,25
6,mars,2024,29,10,13,28,33,42,46,34
4,mars,2024,28,2,9,13,32,35,49,37
2,mars,2024,27,21,24,27,38,41,44,15
28,Feb.,2024,26,16,24,34,38,44,46,2
26,Feb.,2024,25,6,7,23,28,42,46,5
24,Feb.,2024,24,30,31,32,37,40,43,19
21,Feb.,2024,23,23,26,27,28,43,48,9
19,Feb.,2024,22,1,11,16,21,23,36,15
17,Feb.,2024,21,12,23,28,31,38,39,40
14,Feb.,2024,20,9,12,15,28,33,47,16
12,Feb.,2024,19,5,10,18,37,38,49,45
10,Feb.,2024,18,13,20,34,37,45,46,29
7,Feb.,2024,17,15,19,22,23,32,40,27
5,Feb.,2024,16,6,20,22,26,46,48,35
3,Feb.,2024,15,11,18,19,24,25,30,45
31,Jan.,2024,14,5,8,11,42,43,45,3
29,Jan.,2024,13,16,20,25,34,43,49,12
27,Jan.,2024,12,4,6,7,36,44,46,15
24,Jan.,2024,11,1,6,18,23,33,35,8
22,Jan.,2024,10,3,15,17,26,42,44,16
20,Jan.,2024,9,27,36,38,42,43,45,23
17,Jan.,2024,8,3,5,9,17,22,24,2
15,Jan.,2024,7,14,18,27,46,47,48,13
13,Jan.,2024,6,3,7,14,22,29,49,6
10,Jan.,2024,5,25,26,36,41,42,49,15
8,Jan.,2024,4,10,11,18,20,26,37,1
6,Jan.,2024,3,4,10,12,13,18,21,17
3,Jan.,2024,2,8,28,30,34,38,39,41
1,Jan.,2024,1,1,2,12,14,15,43,39
30,Dec.,2023,313,7,27,28,29,33,48,10
27,Dec.,2023,312,4,11,15,22,29,45,25
25,Dec.,2023,311,1,10,13,28,42,48,12
23,Dec.,2023,310,11,13,15,23,31,45,10
20,Dec.,2023,309,2,4,18,20,22,49,32
18,Dec.,2023,308,12,14,16,32,39,48,26
16,Dec.,2023,307,13,14,23,31,43,44,41
13,Dec.,2023,306,1,10,27,31,37,42,41
11,Dec.,2023,305,2,18,35,44,45,48,34
9,Dec.,2023,304,3,19,28,30,37,47,48
6,Dec.,2023,303,2,7,10,28,34,42,41
4,Dec.,2023,302,4,15,31,40,41,45,25
2,Dec.,2023,301,17,24,28,31,38,47,48
29,Nov.,2023,300,6,25,27,42,44,49,30
27,Nov.,2023,299,1,16,18,32,33,45,49
25,Nov.,2023,298,2,5,10,21,33,46,13
22,Nov.,2023,297,1,13,25,29,39,47,43
20,Nov.,2023,296,8,19,21,28,29,49,3
18,Nov.,2023,295,1,6,8,14,26,27,12
15,Nov.,2023,294,1,4,10,18,40,44,7
13,Nov.,2023,293,7,9,16,31,35,37,24
11,Nov.,2023,292,8,11,24,26,28,35,27
8,Nov.,2023,291,6,8,9,10,36,37,28
6,Nov.,2023,290,9,19,21,25,29,43,13
4,Nov.,2023,289,20,21,22,38,43,47,4
1,Nov.,2023,288,8,20,24,32,43,46,19
30,Oct.,2023,287,1,5,22,24,39,49,31
28,Oct.,2023,286,5,22,31,33,36,45,18
25,Oct.,2023,285,3,11,12,15,17,18,13
23,Oct.,2023,284,4,14,15,30,45,48,23
21,Oct.,2023,283,8,29,33,36,41,43,9
18,Oct.,2023,282,2,5,16,33,45,46,10
16,Oct.,2023,281,4,8,15,18,26,29,19
14,Oct.,2023,280,10,12,17,24,26,29,36
11,Oct.,2023,279,7,11,25,26,33,44,34
9,Oct.,2023,278,6,8,14,16,40,41,17
7,Oct.,2023,277,15,27,30,35,41,42,32
4,Oct.,2023,276,3,5,20,31,33,41,26
2,Oct.,2023,275,7,8,18,20,32,46,36
30,Sept.,2023,274,6,11,16,28,32,44,23
27,Sept.,2023,273,13,17,21,23,28,37,20
25,Sept.,2023,272,2,3,8,11,19,35,43
23,Sept.,2023,271,2,6,9,12,31,42,43
20,Sept.,2023,270,3,6,8,11,13,30,40
18,Sept.,2023,269,3,15,21,23,24,35,46
16,Sept.,2023,268,1,11,19,27,34,47,2
13,Sept.,2023,267,3,8,9,12,21,28,4
11,Sept.,2023,266,3,21,38,40,44,45,16
9,Sept.,2023,265,4,9,15,36,37,44,29
6,Sept.,2023,264,9,13,23,24,28,31,4
4,Sept.,2023,263,10,13,19,38,40,45,27
2,Sept.,2023,262,18,19,22,30,32,34,5
30,Agust,2023,261,9,28,29,39,46,48,15
28,Agust,2023,260,1,8,27,39,42,45,31
26,Agust,2023,259,9,12,20,34,38,45,27
23,Agust,2023,258,1,14,15,19,22,32,13
21,Agust,2023,257,7,14,15,27,32,36,29
19,Agust,2023,256,2,10,19,21,37,48,45
16,Agust,2023,255,6,17,26,29,38,44,27
14,Agust,2023,254,4,13,15,27,28,46,32
12,Agust,2023,253,2,7,8,12,24,25,22
9,Agust,2023,252,16,17,30,36,43,45,18
7,Agust,2023,251,8,10,13,31,45,47,2
5,Agust,2023,250,25,32,33,45,46,48,5
2,Agust,2023,249,4,8,13,23,25,42,15
31,July,2023,248,6,10,14,20,32,45,29
29,July,2023,247,10,24,25,27,35,44,32
26,July,2023,246,16,18,24,25,30,38,26
24,July,2023,245,16,27,32,40,42,44,14
22,July,2023,244,4,11,14,15,25,37,29
19,July,2023,243,3,4,18,33,42,46,30
17,July,2023,242,8,26,29,33,40,46,22
15,July,2023,241,2,3,11,23,24,46,35
12,July,2023,240,13,19,22,25,38,47,5
10,July,2023,239,7,20,21,27,28,29,19
8,July,2023,238,4,6,24,25,33,39,5
5,July,2023,237,11,15,20,26,28,46,25
3,July,2023,236,14,15,17,18,28,48,22
1,July,2023,235,10,20,23,36,40,42,9
28,June,2023,234,20,21,26,28,33,43,40
26,June,2023,233,16,17,22,32,45,47,38
24,June,2023,232,5,17,22,25,32,43,46
21,June,2023,231,4,9,23,25,40,41,13
19,June,2023,230,3,7,22,28,34,44,8
17,June,2023,229,4,6,12,26,36,44,35
14,June,2023,228,3,10,16,26,41,49,23
12,June,2023,227,13,21,25,27,32,48,6
10,June,2023,226,8,14,19,29,45,46,26
7,June,2023,225,3,8,9,11,15,21,1
5,June,2023,224,5,17,20,30,42,43,46
3,June,2023,223,15,16,29,30,43,48,46
31,May,2023,222,2,4,14,15,33,48,5
29,May,2023,221,6,13,17,25,29,36,20
27,May,2023,220,7,10,17,23,42,48,20
24,May,2023,219,18,20,27,33,45,48,40
22,May,2023,218,5,6,22,34,37,45,21
20,May,2023,217,9,12,21,34,35,49,28
17,May,2023,216,10,14,15,19,20,27,9
15,May,2023,215,5,8,14,20,35,43,17
13,May,2023,214,15,21,25,34,35,36,12
10,May,2023,213,2,6,10,32,33,42,39
8,May,2023,212,12,22,26,28,36,41,45
6,May,2023,211,1,5,6,8,22,26,31
3,May,2023,210,6,10,14,16,24,47,37
1,May,2023,209,8,10,12,16,21,35,2
29,April,2023,208,20,21,24,34,42,44,38
26,April,2023,207,2,20,27,28,29,32,10
24,April,2023,206,5,10,30,32,42,49,25
22,April,2023,205,3,5,7,18,25,39,2
19,April,2023,204,15,24,27,30,45,48,2
17,April,2023,203,4,20,31,35,39,42,2
15,April,2023,202,3,4,25,31,34,49,46
12,April,2023,201,13,24,33,38,45,47,20
10,April,2023,200,7,20,40,45,46,49,38
8,April,2023,199,12,20,25,26,35,41,32
5,April,2023,198,7,12,25,29,33,38,39
3,April,2023,197,5,12,17,18,36,47,2
1,April,2023,196,22,24,26,37,41,44,32
29,mars,2023,195,12,22,25,31,37,43,4
27,mars,2023,194,4,8,12,31,36,48,44
25,mars,2023,193,6,8,28,31,37,41,11
22,mars,2023,192,14,18,20,28,30,43,8
20,mars,2023,191,8,10,28,31,33,49,18
18,mars,2023,190,22,25,26,28,32,33,37
15,mars,2023,189,5,6,8,10,15,48,27
13,mars,2023,188,15,26,28,30,32,41,21
11,mars,2023,187,1,12,15,23,27,42,40
8,mars,2023,186,11,16,20,31,41,42,7
6,mars,2023,185,8,13,21,24,30,46,29
4,mars,2023,184,2,4,5,25,36,37,6
1,mars,2023,183,1,5,8,27,41,45,28
27,Feb.,2023,182,4,10,28,33,37,41,2
25,Feb.,2023,181,3,5,15,34,37,48,13
22,Feb.,2023,180,10,17,18,22,26,29,34
20,Feb.,2023,179,7,30,35,37,40,43,26
18,Feb.,2023,178,4,8,11,19,34,36,28
15,Feb.,2023,177,11,15,21,27,45,49,9
13,Feb.,2023,176,7,22,24,29,43,49,8
11,Feb.,2023,175,9,16,23,25,28,43,7
8,Feb.,2023,174,8,14,22,23,36,41,2
6,Feb.,2023,173,3,19,20,24,27,29,21
4,Feb.,2023,172,10,14,16,21,41,46,3
1,Feb.,2023,171,2,3,6,7,11,45,5
30,Jan.,2023,170,22,30,34,39,41,46,7
28,Jan.,2023,169,1,6,7,15,18,29,16
25,Jan.,2023,168,2,15,21,34,35,41,46
23,Jan.,2023,167,7,12,18,35,47,49,23
21,Jan.,2023,166,10,12,23,25,28,49,1
18,Jan.,2023,165,8,24,26,35,46,49,12
16,Jan.,2023,164,5,6,25,32,48,49,34
14,Jan.,2023,163,1,15,35,39,42,43,20
11,Jan.,2023,162,3,19,27,34,45,46,26
9,Jan.,2023,161,1,8,10,11,27,30,18
7,Jan.,2023,160,9,15,27,28,29,30,11
4,Jan.,2023,159,12,14,22,27,31,44,46
2,Jan.,2023,158,5,7,14,25,30,36,19
31,Dec.,2022,157,6,31,36,45,47,48,13
28,Dec.,2022,156,1,3,31,33,41,43,23
26,Dec.,2022,155,2,3,27,34,35,42,18
24,Dec.,2022,154,8,15,21,34,47,48,27
21,Dec.,2022,153,14,28,32,36,45,48,40
19,Dec.,2022,152,8,12,15,39,40,46,32
17,Dec.,2022,151,3,5,7,13,25,41,36
14,Dec.,2022,150,1,3,4,13,34,49,21
12,Dec.,2022,149,6,28,29,34,40,41,25
10,Dec.,2022,148,4,17,20,22,23,41,15
7,Dec.,2022,147,1,3,17,18,34,41,20
5,Dec.,2022,146,6,10,14,20,27,48,2
3,Dec.,2022,145,7,15,22,23,33,44,8
30,Nov.,2022,144,6,16,18,22,28,48,37
28,Nov.,2022,143,7,11,19,31,32,49,38
26,Nov.,2022,142,3,11,16,39,41,43,10
23,Nov.,2022,141,15,16,20,22,44,47,39
21,Nov.,2022,140,25,28,30,34,46,49,17
19,Nov.,2022,139,5,29,39,41,42,49,28
16,Nov.,2022,138,3,8,15,18,36,37,19
14,Nov.,2022,137,7,9,10,13,22,46,36
12,Nov.,2022,136,11,19,20,39,41,47,35
9,Nov.,2022,135,6,8,25,26,39,49,34
7,Nov.,2022,134,3,20,23,24,29,49,28
5,Nov.,2022,133,4,7,10,37,44,47,34
2,Nov.,2022,132,5,10,17,18,46,47,2
31,Oct.,2022,131,11,12,19,37,41,43,39
29,Oct.,2022,130,10,21,30,40,42,44,15
26,Oct.,2022,129,1,16,20,26,29,32,38
24,Oct.,2022,128,1,3,7,9,25,48,17
22,Oct.,2022,127,2,8,14,22,24,37,38
19,Oct.,2022,126,1,18,21,27,37,42,38
17,Oct.,2022,125,18,23,27,31,41,48,3
15,Oct.,2022,124,17,22,24,26,41,46,47
12,Oct.,2022,123,1,12,31,33,43,46,20
10,Oct.,2022,122,9,12,14,32,35,42,29
8,Oct.,2022,121,9,10,11,15,24,32,20
5,Oct.,2022,120,7,12,24,27,29,30,17
3,Oct.,2022,119,10,15,20,24,40,43,3
1,Oct.,2022,118,1,7,12,22,27,32,13
28,Sept.,2022,117,20,26,38,41,42,49,39
26,Sept.,2022,116,1,3,37,41,42,48,5
24,Sept.,2022,115,4,8,9,22,33,40,7
21,Sept.,2022,114,3,4,11,21,28,39,37
19,Sept.,2022,113,8,27,30,40,41,47,1
17,Sept.,2022,112,2,4,5,6,33,47,23
14,Sept.,2022,111,7,12,14,32,34,44,39
12,Sept.,2022,110,12,38,39,41,42,46,37
10,Sept.,2022,109,6,7,13,28,30,38,32
7,Sept.,2022,108,4,5,6,28,30,39,36
5,Sept.,2022,107,1,7,19,33,41,45,36
3,Sept.,2022,106,11,18,30,32,33,36,15
31,Agust,2022,105,1,10,19,23,31,37,27
29,Agust,2022,104,11,27,29,34,42,45,32
27,Agust,2022,103,4,5,17,26,37,40,32
24,Agust,2022,102,1,6,19,25,31,41,48
22,Agust,2022,101,11,12,17,27,48,49,26
20,Agust,2022,100,4,19,29,39,43,48,14
17,Agust,2022,99,2,5,7,20,34,49,8
15,Agust,2022,98,3,7,15,25,36,39,5
13,Agust,2022,97,15,24,25,32,35,39,37
10,Agust,2022,96,6,36,37,40,41,42,22
8,Agust,2022,95,3,13,27,31,47,49,20
6,Agust,2022,94,5,15,21,34,39,42,12
3,Agust,2022,93,2,6,11,22,30,42,34
1,Agust,2022,92,1,3,4,5,26,34,7
30,July,2022,91,5,7,8,19,23,24,6
27,July,2022,90,26,30,34,38,42,43,24
25,July,2022,89,10,18,22,34,39,47,37
23,July,2022,88,11,12,27,33,34,42,40
20,July,2022,87,6,8,20,22,37,45,29
18,July,2022,86,6,9,15,32,44,48,4
16,July,2022,85,1,14,16,19,30,36,4
13,July,2022,84,1,12,14,19,30,46,7
11,July,2022,83,7,18,22,24,26,38,19
9,July,2022,82,15,17,31,36,43,47,39
6,July,2022,81,17,40,41,44,46,48,42
4,July,2022,80,9,28,29,36,46,49,19
2,July,2022,79,2,10,24,32,33,45,46
29,June,2022,78,11,13,24,38,39,43,26
27,June,2022,77,14,29,31,33,40,43,39
25,June,2022,76,3,10,12,17,37,44,34
22,June,2022,75,17,19,33,39,45,47,25
20,June,2022,74,19,21,29,33,44,47,46
18,June,2022,73,6,26,32,34,44,49,48
15,June,2022,72,7,14,21,27,33,48,2
13,June,2022,71,9,18,27,39,41,46,45
11,June,2022,70,9,12,17,39,44,48,22
8,June,2022,69,1,4,9,15,18,33,37
6,June,2022,68,1,15,32,37,45,47,44
4,June,2022,67,2,10,16,17,26,30,23
1,June,2022,66,6,8,16,17,21,26,31
30,May,2022,65,15,21,28,29,35,44,24
28,May,2022,64,13,14,17,38,42,49,25
25,May,2022,63,3,7,15,16,36,45,13
23,May,2022,62,15,23,25,27,39,46,48
21,May,2022,61,7,9,22,27,28,29,40
18,May,2022,60,17,20,22,37,43,49,12
16,May,2022,59,8,10,13,16,29,32,37
14,May,2022,58,1,4,10,36,43,49,13
11,May,2022,57,6,23,35,39,45,48,28
9,May,2022,56,18,23,32,36,39,47,49
7,May,2022,55,7,11,27,31,37,43,2
4,May,2022,54,2,3,4,9,12,42,33
2,May,2022,53,2,13,24,29,41,47,8
30,April,2022,52,2,3,4,15,34,49,47
27,April,2022,51,3,5,18,23,24,47,40
25,April,2022,50,16,18,34,35,38,41,36
23,April,2022,49,20,33,39,40,46,49,34
20,April,2022,48,9,25,26,28,35,41,18
18,April,2022,47,5,16,20,29,30,38,9
16,April,2022,46,18,22,28,31,36,47,29
13,April,2022,45,1,22,36,39,44,48,24
11,April,2022,44,6,15,22,27,30,38,13
9,April,2022,43,1,6,24,32,38,40,3
6,April,2022,42,4,32,40,43,44,49,25
4,April,2022,41,21,26,27,30,34,49,48
2,April,2022,40,3,6,7,10,13,16,5
30,mars,2022,39,6,19,33,36,39,41,9
28,mars,2022,38,7,12,30,43,45,48,4
26,mars,2022,37,5,9,12,24,43,44,40
23,mars,2022,36,8,15,19,22,35,42,11
21,mars,2022,35,16,22,32,45,47,48,23
19,mars,2022,34,7,14,37,43,46,48,16
16,mars,2022,33,7,23,33,35,39,46,6
14,mars,2022,32,8,13,17,19,23,30,44
12,mars,2022,31,6,23,26,36,44,45,27
9,mars,2022,30,6,9,18,26,39,40,34
7,mars,2022,29,7,8,10,18,22,26,19
5,mars,2022,28,6,22,38,43,44,49,1
2,mars,2022,27,6,24,25,27,36,39,8
28,Feb.,2022,26,2,6,15,32,35,39,4
26,Feb.,2022,25,6,12,23,25,28,42,9
23,Feb.,2022,24,8,27,33,43,44,48,35
21,Feb.,2022,23,4,10,13,31,32,41,6
19,Feb.,2022,22,3,17,19,30,36,38,39
16,Feb.,2022,21,3,9,18,21,22,30,42
14,Feb.,2022,20,10,18,20,21,42,49,38
12,Feb.,2022,19,3,16,32,35,37,42,48
9,Feb.,2022,18,2,15,29,36,44,45,14
7,Feb.,2022,17,12,16,27,38,41,47,7
5,Feb.,2022,16,26,27,29,42,43,45,23
2,Feb.,2022,15,3,11,25,34,44,47,29
31,Jan.,2022,14,3,5,8,17,18,38,11
29,Jan.,2022,13,5,9,13,16,25,49,22
26,Jan.,2022,12,2,7,9,20,36,38,34
24,Jan.,2022,11,2,4,15,27,33,41,24
22,Jan.,2022,10,6,9,10,17,32,36,18
19,Jan.,2022,9,2,11,15,19,29,33,47
17,Jan.,2022,8,14,20,21,22,23,29,48
15,Jan.,2022,7,1,12,26,37,41,47,3
12,Jan.,2022,6,4,10,13,18,31,37,8
10,Jan.,2022,5,9,10,11,13,17,27,34
8,Jan.,2022,4,3,8,17,20,22,38,33
5,Jan.,2022,3,19,23,25,35,44,48,2
3,Jan.,2022,2,6,11,12,28,37,39,46
1,Jan.,2022,1,5,8,13,29,33,39,2
29,Dec.,2021,156,15,23,41,42,45,49,2
27,Dec.,2021,155,6,10,30,38,39,44,18
25,Dec.,2021,154,1,16,22,24,28,46,30
22,Dec.,2021,153,1,12,13,14,28,31,41
20,Dec.,2021,152,17,21,26,27,37,49,13
18,Dec.,2021,151,6,14,18,20,45,47,19
15,Dec.,2021,150,1,15,19,20,36,47,28
13,Dec.,2021,149,8,10,12,32,44,47,21
11,Dec.,2021,148,6,15,16,37,41,48,4
8,Dec.,2021,147,16,17,20,33,41,42,46
6,Dec.,2021,146,3,6,26,43,45,46,1
4,Dec.,2021,145,9,16,18,20,38,49,45
1,Dec.,2021,144,5,24,34,41,44,46,36
29,Nov.,2021,143,18,21,27,32,43,47,16
27,Nov.,2021,142,2,5,19,29,36,38,9
24,Nov.,2021,141,19,28,35,40,44,47,36
22,Nov.,2021,140,4,12,21,39,45,49,16
20,Nov.,2021,139,6,9,18,31,39,42,4
17,Nov.,2021,138,2,11,19,26,29,31,38
15,Nov.,2021,137,15,17,19,24,41,46,34
13,Nov.,2021,136,2,14,22,33,40,47,10
10,Nov.,2021,135,10,11,19,31,37,38,24
8,Nov.,2021,134,4,15,20,30,36,45,42
6,Nov.,2021,133,3,10,14,15,30,38,28
3,Nov.,2021,132,17,24,34,35,37,44,41
1,Nov.,2021,131,7,13,17,19,33,39,4
30,Oct.,2021,130,6,16,26,31,47,49,22
27,Oct.,2021,129,3,15,27,39,47,49,11
25,Oct.,2021,128,1,9,27,35,39,43,4
23,Oct.,2021,127,1,2,19,27,32,34,38
20,Oct.,2021,126,9,13,20,30,40,48,17
18,Oct.,2021,125,18,25,27,40,47,48,14
16,Oct.,2021,124,1,3,10,21,32,33,20
13,Oct.,2021,123,6,17,31,47,48,49,19
11,Oct.,2021,122,14,17,18,22,36,46,4
9,Oct.,2021,121,7,10,11,15,22,40,16
6,Oct.,2021,120,2,3,21,25,33,39,24
4,Oct.,2021,119,10,19,22,23,24,39,33
2,Oct.,2021,118,6,9,21,34,40,41,43
29,Sept.,2021,117,3,7,12,15,19,34,35
27,Sept.,2021,116,2,16,21,24,37,40,48
25,Sept.,2021,115,11,29,31,34,45,48,19
22,Sept.,2021,114,5,19,23,28,31,38,49
20,Sept.,2021,113,10,13,22,40,41,44,20
18,Sept.,2021,112,4,8,20,25,29,40,16
15,Sept.,2021,111,14,15,26,35,38,46,49
13,Sept.,2021,110,10,34,38,40,42,45,14
11,Sept.,2021,109,4,9,10,24,35,44,7
8,Sept.,2021,108,1,11,12,24,31,38,2
6,Sept.,2021,107,16,19,24,25,31,49,23
4,Sept.,2021,106,3,12,15,18,40,43,35
1,Sept.,2021,105,3,9,25,32,45,48,14
30,Agust,2021,104,1,7,8,17,24,36,26
28,Agust,2021,103,6,8,19,27,40,45,21
25,Agust,2021,102,1,2,6,14,27,47,45
23,Agust,2021,101,1,16,30,36,39,41,38
21,Agust,2021,100,14,23,31,35,41,42,19
18,Agust,2021,99,21,41,42,44,45,47,33
16,Agust,2021,98,2,7,13,14,16,28,18
14,Agust,2021,97,15,31,32,38,41,44,37
11,Agust,2021,96,5,10,11,19,36,39,45
9,Agust,2021,95,5,30,33,34,39,49,17
7,Agust,2021,94,6,7,27,28,31,35,39
4,Agust,2021,93,4,10,32,38,40,49,28
2,Agust,2021,92,12,14,22,30,35,47,48
31,July,2021,91,5,15,25,34,40,49,45
28,July,2021,90,6,14,15,19,21,42,41
26,July,2021,89,25,29,46,47,48,49,26
24,July,2021,88,17,21,25,38,43,46,15
21,July,2021,87,6,7,8,13,28,42,14
19,July,2021,86,1,20,21,22,24,44,18
17,July,2021,85,11,13,15,17,37,38,32
14,July,2021,84,3,17,20,22,37,48,2
12,July,2021,83,5,10,20,24,38,42,46
10,July,2021,82,4,6,9,11,38,41,26
7,July,2021,81,13,15,20,30,35,42,22
5,July,2021,80,9,22,27,29,31,36,10
3,July,2021,79,16,23,26,30,35,37,41
30,June,2021,78,5,8,11,18,32,40,19
28,June,2021,77,1,12,20,33,45,48,4
26,June,2021,76,2,3,8,20,23,25,6
23,June,2021,75,3,4,10,22,29,37,46
21,June,2021,74,2,6,24,27,33,37,9
19,June,2021,73,14,23,41,44,45,46,12
16,June,2021,72,13,16,22,39,47,49,29
14,June,2021,71,11,20,23,36,37,38,25
12,June,2021,70,1,10,11,29,44,48,32
9,June,2021,69,5,7,12,13,20,38,1
7,June,2021,68,3,7,28,34,39,44,24
5,June,2021,67,3,12,21,23,24,44,14
2,June,2021,66,17,34,38,39,41,48,12
31,May,2021,65,7,16,18,24,26,34,44
29,May,2021,64,3,9,20,32,33,48,24
26,May,2021,63,3,24,39,41,44,48,36
24,May,2021,62,8,9,13,36,40,49,14
22,May,2021,61,7,8,14,16,28,29,15
19,May,2021,60,4,6,15,31,39,43,9
17,May,2021,59,6,15,19,31,37,38,39
15,May,2021,58,5,16,22,39,47,48,28
12,May,2021,57,15,17,18,29,41,48,9
10,May,2021,56,6,17,18,19,26,28,37
8,May,2021,55,18,21,33,34,39,41,27
5,May,2021,54,14,17,20,21,26,27,39
3,May,2021,53,4,6,8,14,37,39,22
1,May,2021,52,2,6,9,26,44,46,12
28,April,2021,51,3,11,22,29,32,41,44
26,April,2021,50,9,13,19,23,34,48,8
24,April,2021,49,4,7,10,30,41,47,24
21,April,2021,48,24,25,31,38,42,49,44
19,April,2021,47,1,2,6,11,16,17,44
17,April,2021,46,3,14,16,25,28,46,34
14,April,2021,45,4,8,21,30,33,34,11
12,April,2021,44,5,11,21,30,32,48,43
10,April,2021,43,10,16,20,24,29,44,7
7,April,2021,42,3,5,19,23,24,34,6
5,April,2021,41,10,14,16,17,29,46,18
3,April,2021,40,2,4,18,20,23,47,31
31,mars,2021,39,9,13,16,27,41,45,12
29,mars,2021,38,2,10,15,29,32,36,20
27,mars,2021,37,9,17,21,25,26,41,4
24,mars,2021,36,23,28,44,46,47,48,2
22,mars,2021,35,3,22,30,32,33,45,6
20,mars,2021,34,2,3,22,23,26,33,28
17,mars,2021,33,23,28,33,35,39,44,11
15,mars,2021,32,1,11,26,28,31,37,22
13,mars,2021,31,1,10,18,21,45,48,19
10,mars,2021,30,9,15,18,27,39,43,28
8,mars,2021,29,2,8,14,32,34,38,39
6,mars,2021,28,10,13,14,23,30,40,16
3,mars,2021,27,7,16,39,43,44,49,1
1,mars,2021,26,9,21,23,36,37,46,24
27,Feb.,2021,25,5,17,20,32,43,46,47
24,Feb.,2021,24,1,30,35,38,40,42,47
22,Feb.,2021,23,12,13,18,22,43,45,5
20,Feb.,2021,22,3,6,18,40,44,48,38
17,Feb.,2021,21,5,15,21,22,24,29,26
15,Feb.,2021,20,14,23,29,35,37,38,44
13,Feb.,2021,19,4,7,17,28,29,36,19
10,Feb.,2021,18,2,20,25,30,34,39,23
8,Feb.,2021,17,2,4,13,22,25,34,42
6,Feb.,2021,16,26,28,35,39,47,49,7
3,Feb.,2021,15,1,6,12,16,23,34,42
1,Feb.,2021,14,5,8,16,17,34,38,7
30,Jan.,2021,13,16,18,22,27,41,46,32
27,Jan.,2021,12,5,6,13,15,34,42,20
25,Jan.,2021,11,7,9,19,22,31,46,47
23,Jan.,2021,10,3,8,11,16,17,39,25
20,Jan.,2021,9,1,13,16,42,46,47,5
18,Jan.,2021,8,10,18,21,25,34,49,24
16,Jan.,2021,7,4,27,37,43,44,45,33
13,Jan.,2021,6,10,21,27,29,32,35,6
11,Jan.,2021,5,1,5,12,33,34,48,24
9,Jan.,2021,4,24,32,36,38,43,47,23
6,Jan.,2021,3,4,12,21,37,41,44,29
4,Jan.,2021,2,5,11,13,17,39,48,27
2,Jan.,2021,1,3,6,30,32,33,36,20
30,Dec.,2020,283,3,5,30,37,40,44,9
28,Dec.,2020,282,2,6,12,16,31,38,26
26,Dec.,2020,281,11,17,32,34,37,49,41
23,Dec.,2020,280,1,7,34,40,42,46,45
21,Dec.,2020,279,7,17,31,37,41,46,40
19,Dec.,2020,278,9,11,21,26,41,49,29
16,Dec.,2020,277,7,8,22,38,39,41,31
14,Dec.,2020,276,11,19,29,32,40,47,28
12,Dec.,2020,275,9,19,39,42,48,49,4
9,Dec.,2020,274,1,19,20,33,37,39,18
7,Dec.,2020,273,5,8,25,35,39,47,13
5,Dec.,2020,272,3,7,10,12,17,43,44
2,Dec.,2020,271,7,13,18,38,39,47,11
30,Nov.,2020,270,11,25,28,33,46,47,4
28,Nov.,2020,269,2,15,22,25,30,41,18
25,Nov.,2020,268,4,7,10,20,34,37,29
23,Nov.,2020,267,1,6,10,32,40,47,37
21,Nov.,2020,266,5,20,23,34,37,40,25
18,Nov.,2020,265,11,29,36,43,44,45,17
16,Nov.,2020,264,5,13,19,26,30,31,41
14,Nov.,2020,263,8,19,23,35,36,46,28
11,Nov.,2020,262,5,20,23,24,35,47,12
9,Nov.,2020,261,3,7,10,31,38,44,39
7,Nov.,2020,260,10,18,21,26,41,48,33
4,Nov.,2020,259,2,5,19,27,46,48,11
2,Nov.,2020,258,6,16,18,27,36,46,34
31,Oct.,2020,257,1,2,8,11,27,36,33
28,Oct.,2020,256,10,22,33,38,40,48,36
26,Oct.,2020,255,18,21,23,25,37,40,36
24,Oct.,2020,254,2,3,8,13,42,49,9
21,Oct.,2020,253,15,21,23,28,29,38,17
19,Oct.,2020,252,8,14,16,30,32,37,38
17,Oct.,2020,251,4,11,16,24,32,49,44
14,Oct.,2020,250,4,11,23,32,34,43,16
12,Oct.,2020,249,30,38,39,42,48,49,5
10,Oct.,2020,248,1,20,26,34,40,47,3
7,Oct.,2020,247,4,10,11,15,30,32,46
5,Oct.,2020,246,7,9,23,28,42,48,21
3,Oct.,2020,245,12,15,16,22,26,48,41
30,Sept.,2020,244,9,19,20,24,34,43,30
28,Sept.,2020,243,16,22,24,39,41,47,25
26,Sept.,2020,242,2,14,21,37,40,45,35
23,Sept.,2020,241,3,5,9,17,45,48,29
21,Sept.,2020,240,4,10,20,21,35,45,1
19,Sept.,2020,239,8,11,12,38,45,48,9
16,Sept.,2020,238,12,22,26,27,35,42,19
14,Sept.,2020,237,4,22,29,41,42,45,28
12,Sept.,2020,236,23,29,35,36,42,48,13
9,Sept.,2020,235,5,9,32,36,40,43,31
7,Sept.,2020,234,1,2,15,21,25,36,33
5,Sept.,2020,233,5,12,40,41,42,45,13
2,Sept.,2020,232,5,13,27,31,38,39,9
31,Agust,2020,231,1,2,27,30,40,49,35
29,Agust,2020,230,8,18,22,23,26,49,46
26,Agust,2020,229,6,12,25,28,29,41,20
24,Agust,2020,228,2,10,27,29,35,42,36
22,Agust,2020,227,2,3,8,25,37,44,32
19,Agust,2020,226,8,22,25,42,47,49,17
17,Agust,2020,225,23,27,29,32,48,49,7
15,Agust,2020,224,3,9,25,27,34,40,39
12,Agust,2020,223,11,15,21,22,28,49,46
10,Agust,2020,222,3,17,26,31,38,45,47
8,Agust,2020,221,15,37,38,41,42,45,26
5,Agust,2020,220,4,12,22,23,34,40,1
3,Agust,2020,219,13,15,29,30,33,48,45
1,Agust,2020,218,5,7,13,19,21,46,22
29,July,2020,217,1,5,9,27,34,47,10
27,July,2020,216,14,16,26,33,42,49,32
25,July,2020,215,1,9,26,30,40,46,34
22,July,2020,214,4,6,26,27,29,36,20
20,July,2020,213,7,8,26,28,37,39,10
18,July,2020,212,9,13,23,38,39,43,20
15,July,2020,211,11,20,29,37,39,41,48
13,July,2020,210,1,4,9,19,30,37,26
11,July,2020,209,20,23,30,31,33,44,39
8,July,2020,208,1,7,11,19,32,42,23
6,July,2020,207,5,6,10,14,29,42,28
4,July,2020,206,7,17,18,41,46,49,10
1,July,2020,205,2,6,7,13,25,41,34
29,June,2020,204,3,10,13,16,19,43,27
27,June,2020,203,23,26,42,43,45,46,3
24,June,2020,202,3,10,18,28,44,45,15
22,June,2020,201,4,22,32,33,46,49,35
20,June,2020,200,5,16,21,27,33,41,26
17,June,2020,199,11,12,18,19,22,40,42
15,June,2020,198,15,17,18,19,43,44,30
13,June,2020,197,12,17,22,38,42,45,39
10,June,2020,196,4,11,12,16,23,39,24
8,June,2020,195,1,3,6,7,35,45,36
6,June,2020,194,2,4,19,22,35,42,48
25,mars,2020,193,11,12,24,35,41,43,20
23,mars,2020,192,1,8,15,24,40,41,48
21,mars,2020,191,7,8,13,27,37,47,1
18,mars,2020,190,7,32,40,42,43,47,39
16,mars,2020,189,11,24,33,35,37,42,48
14,mars,2020,188,11,13,25,30,39,44,17
11,mars,2020,187,4,12,28,29,39,42,34
9,mars,2020,186,1,7,34,39,48,49,46
7,mars,2020,185,8,13,14,20,44,47,30
4,mars,2020,184,6,10,17,27,43,44,3
2,mars,2020,183,1,13,23,25,41,44,5
29,Feb.,2020,182,8,11,12,23,27,43,33
26,Feb.,2020,181,1,4,6,19,22,29,2
24,Feb.,2020,180,5,7,15,23,25,27,48
22,Feb.,2020,179,14,19,21,26,41,46,18
19,Feb.,2020,178,5,9,12,13,23,26,4
17,Feb.,2020,177,3,7,17,19,28,37,32
15,Feb.,2020,176,6,26,31,37,38,47,10
12,Feb.,2020,175,5,9,16,30,35,38,42
10,Feb.,2020,174,8,14,29,41,43,45,33
8,Feb.,2020,173,10,22,26,33,43,47,16
5,Feb.,2020,172,6,16,21,32,36,40,47
3,Feb.,2020,171,10,11,17,24,29,39,21
1,Feb.,2020,170,10,18,33,41,42,45,9
29,Jan.,2020,169,3,4,13,30,44,49,47
27,Jan.,2020,168,10,13,18,30,41,43,36
25,Jan.,2020,167,6,8,16,18,35,47,45
22,Jan.,2020,166,10,17,22,27,32,49,7
20,Jan.,2020,165,18,21,23,37,38,45,25
18,Jan.,2020,164,8,24,39,44,45,47,23
15,Jan.,2020,163,14,15,18,24,27,34,9
13,Jan.,2020,162,14,15,17,32,40,43,22
11,Jan.,2020,161,5,23,26,32,34,36,17
8,Jan.,2020,160,6,20,28,33,40,45,37
6,Jan.,2020,159,1,6,8,13,23,34,2
4,Jan.,2020,158,3,12,15,23,36,45,40
1,Jan.,2020,157,3,16,17,18,21,28,13
30,Dec.,2019,156,1,7,12,17,38,42,14
28,Dec.,2019,155,11,16,21,36,44,49,45
25,Dec.,2019,154,3,14,17,19,36,41,34
23,Dec.,2019,153,3,4,13,25,38,48,24
21,Dec.,2019,152,8,11,20,29,32,44,46
18,Dec.,2019,151,2,16,25,30,31,49,40
16,Dec.,2019,150,2,8,16,34,40,41,4
14,Dec.,2019,149,9,10,11,31,34,48,39
11,Dec.,2019,148,1,4,8,17,22,49,26
9,Dec.,2019,147,2,3,21,29,31,46,34
7,Dec.,2019,146,18,19,26,29,41,43,6
4,Dec.,2019,145,2,4,5,21,34,46,30
2,Dec.,2019,144,2,11,21,26,27,49,34
30,Nov.,2019,143,6,7,14,29,42,45,44
27,Nov.,2019,142,5,15,18,21,42,48,8
25,Nov.,2019,141,3,16,29,37,42,46,15
23,Nov.,2019,140,14,15,17,19,26,33,37
20,Nov.,2019,139,8,22,25,36,39,48,7
18,Nov.,2019,138,4,9,16,28,33,44,27
16,Nov.,2019,137,6,12,13,31,36,43,15
13,Nov.,2019,136,6,10,20,22,32,48,36
11,Nov.,2019,135,15,38,40,41,45,49,16
9,Nov.,2019,134,5,15,21,26,32,41,45
6,Nov.,2019,133,11,20,32,36,39,42,8
4,Nov.,2019,132,11,26,34,35,38,41,16
2,Nov.,2019,131,4,6,35,39,42,49,28
30,Oct.,2019,130,13,23,26,27,32,47,36
28,Oct.,2019,129,1,4,16,42,48,49,8
26,Oct.,2019,128,8,23,35,41,42,49,10
23,Oct.,2019,127,3,17,32,36,38,47,41
21,Oct.,2019,126,4,26,39,40,45,46,6
19,Oct.,2019,125,6,19,20,36,38,40,12
16,Oct.,2019,124,4,7,15,23,44,45,25
14,Oct.,2019,123,1,4,7,31,34,43,45
12,Oct.,2019,122,1,6,15,23,25,29,24
9,Oct.,2019,121,2,5,14,23,32,42,17
7,Oct.,2019,120,8,9,23,26,34,37,41
5,Oct.,2019,119,3,6,20,41,45,49,36
2,Oct.,2019,118,22,24,28,29,41,49,23
30,Sept.,2019,117,7,8,27,31,40,46,24
28,Sept.,2019,116,6,9,19,31,33,49,40
25,Sept.,2019,115,2,13,24,38,43,49,4
23,Sept.,2019,114,15,17,37,43,45,48,9
21,Sept.,2019,113,13,14,23,24,38,49,21
18,Sept.,2019,112,1,9,12,17,24,44,31
16,Sept.,2019,111,4,13,16,23,39,49,30
14,Sept.,2019,110,16,22,31,36,38,46,39
11,Sept.,2019,109,4,13,30,33,37,43,44
9,Sept.,2019,108,18,19,29,30,34,41,15
7,Sept.,2019,107,3,7,12,18,33,39,31
4,Sept.,2019,106,3,19,20,25,45,49,5
2,Sept.,2019,105,16,23,27,34,36,45,3
31,Agust,2019,104,3,7,9,32,37,46,5
28,Agust,2019,103,13,14,24,39,43,49,33
26,Agust,2019,102,7,14,19,32,38,47,42
24,Agust,2019,101,15,18,36,40,42,44,23
21,Agust,2019,100,1,9,16,22,27,29,31
19,Agust,2019,99,3,9,13,15,21,47,38
17,Agust,2019,98,5,25,34,36,38,48,47
14,Agust,2019,97,2,11,20,27,39,45,38
12,Agust,2019,96,4,6,10,31,39,46,26
10,Agust,2019,95,11,12,16,22,33,46,14
7,Agust,2019,94,14,20,21,41,42,48,19
5,Agust,2019,93,2,3,13,38,43,47,21
3,Agust,2019,92,8,22,28,29,38,46,31
31,July,2019,91,5,11,17,18,20,25,46
29,July,2019,90,6,18,21,30,31,42,41
27,July,2019,89,15,16,29,37,38,41,24
24,July,2019,88,8,10,16,31,47,48,3
22,July,2019,87,11,13,14,23,25,30,12
20,July,2019,86,15,37,40,43,47,49,10
17,July,2019,85,8,11,15,18,19,30,39
15,July,2019,84,20,25,27,29,38,44,8
13,July,2019,83,13,20,23,30,41,42,38
10,July,2019,82,1,27,33,43,48,49,32
8,July,2019,81,6,17,25,30,37,40,2
6,July,2019,80,9,11,15,24,34,39,23
3,July,2019,79,1,5,6,10,14,44,7
1,July,2019,78,2,15,16,38,41,46,32
29,June,2019,77,9,22,33,35,39,44,48
26,June,2019,76,1,3,13,22,31,44,47
24,June,2019,75,8,19,20,38,45,46,2
22,June,2019,74,4,9,24,26,31,34,40
19,June,2019,73,8,15,31,34,37,40,5
17,June,2019,72,3,7,14,20,43,44,39
15,June,2019,71,18,26,34,39,41,43,49
12,June,2019,70,37,38,40,42,44,47,11
10,June,2019,69,3,15,19,22,29,44,11
8,June,2019,68,15,27,28,31,41,43,5
5,June,2019,67,2,8,10,11,27,34,42
3,June,2019,66,6,12,13,32,33,42,10
1,June,2019,65,3,6,13,15,35,37,9
29,May,2019,64,9,22,24,28,29,46,6
27,May,2019,63,21,26,30,35,37,42,34
25,May,2019,62,4,9,20,30,35,47,23
22,May,2019,61,14,24,26,31,37,47,23
20,May,2019,60,8,15,21,26,43,48,33
18,May,2019,59,1,26,29,40,41,44,25
15,May,2019,58,10,14,16,17,36,43,13
13,May,2019,57,1,3,11,16,21,31,26
11,May,2019,56,3,5,30,39,40,45,15
8,May,2019,55,1,11,20,29,38,39,27
6,May,2019,54,2,32,34,36,41,47,49
4,May,2019,53,19,26,28,34,44,47,49
1,May,2019,52,7,9,15,24,30,36,21
29,April,2019,51,9,16,23,27,32,37,39
27,April,2019,50,5,9,13,18,31,35,20
24,April,2019,49,19,24,26,31,32,41,8
22,April,2019,48,3,4,12,13,15,48,11
20,April,2019,47,12,20,23,28,34,42,37
17,April,2019,46,1,3,12,15,37,41,29
15,April,2019,45,24,25,26,28,30,40,44
13,April,2019,44,4,21,26,27,28,29,40
10,April,2019,43,9,20,27,38,41,49,21
8,April,2019,42,5,21,23,35,47,48,43
6,April,2019,41,1,10,11,18,25,29,5
3,April,2019,40,6,8,20,26,42,46,32
1,April,2019,39,5,23,36,40,44,47,35
30,mars,2019,38,6,9,10,27,42,43,36
27,mars,2019,37,3,24,26,35,47,49,34
25,mars,2019,36,1,8,11,21,35,46,49
23,mars,2019,35,13,24,32,34,42,49,37
20,mars,2019,34,4,10,11,17,22,45,25
18,mars,2019,33,20,24,32,36,37,49,11
16,mars,2019,32,20,21,25,31,37,43,30
13,mars,2019,31,2,10,19,22,29,35,40
11,mars,2019,30,16,23,27,31,40,42,17
9,mars,2019,29,2,29,30,33,36,46,25
6,mars,2019,28,19,21,28,40,43,49,10
4,mars,2019,27,9,13,26,27,29,35,30
2,mars,2019,26,8,20,21,38,39,49,12
27,Feb.,2019,25,6,12,16,18,22,26,42
25,Feb.,2019,24,4,8,11,27,45,47,33
23,Feb.,2019,23,13,25,27,28,40,43,34
20,Feb.,2019,22,3,9,17,28,38,48,2
18,Feb.,2019,21,3,12,13,19,27,37,20
16,Feb.,2019,20,14,20,36,41,47,48,9
13,Feb.,2019,19,3,8,19,21,25,39,9
11,Feb.,2019,18,12,16,30,33,37,44,23
9,Feb.,2019,17,1,12,17,27,38,43,31
6,Feb.,2019,16,6,29,32,40,47,49,23
4,Feb.,2019,15,8,27,37,42,45,48,10
2,Feb.,2019,14,1,26,34,38,47,49,41
30,Jan.,2019,13,2,22,29,31,37,47,14
28,Jan.,2019,12,12,13,24,32,35,47,48
26,Jan.,2019,11,1,7,9,13,25,49,16
23,Jan.,2019,10,9,23,35,44,45,49,26
21,Jan.,2019,9,1,3,32,38,40,41,24
19,Jan.,2019,8,4,9,11,12,14,19,10
16,Jan.,2019,7,10,18,36,40,42,45,8
14,Jan.,2019,6,8,11,15,16,25,48,18
12,Jan.,2019,5,20,21,25,31,34,47,7
9,Jan.,2019,4,7,15,27,37,44,46,8
7,Jan.,2019,3,14,19,22,37,44,48,31
5,Jan.,2019,2,10,16,24,26,30,33,22
2,Jan.,2019,1,4,11,28,29,30,47,35
31,Dec.,2018,2114,9,12,25,39,42,44,17
29,Dec.,2018,2113,3,6,8,10,30,45,12
26,Dec.,2018,2112,12,20,33,40,47,48,28
24,Dec.,2018,2111,6,8,16,17,25,26,21
22,Dec.,2018,2110,8,14,19,22,28,42,29
19,Dec.,2018,2109,5,13,19,35,39,46,40
17,Dec.,2018,2108,8,9,14,29,43,45,41
15,Dec.,2018,2107,9,17,24,31,34,46,39
12,Dec.,2018,2106,1,4,9,18,23,37,43
10,Dec.,2018,2105,9,16,18,20,21,48,14
8,Dec.,2018,2104,5,7,15,24,44,47,46
5,Dec.,2018,2103,13,18,22,32,39,44,15
3,Dec.,2018,2102,3,5,15,22,30,38,14
1,Dec.,2018,2101,7,31,39,41,45,46,2
28,Nov.,2018,2100,1,4,6,10,24,28,2
26,Nov.,2018,2099,14,18,21,29,31,49,24
24,Nov.,2018,2098,2,16,22,32,33,47,10
21,Nov.,2018,2097,9,15,25,31,37,39,38
19,Nov.,2018,2096,9,23,31,37,47,48,12
17,Nov.,2018,2095,7,22,24,37,39,44,5
14,Nov.,2018,2094,14,22,25,31,33,48,32
12,Nov.,2018,2093,9,11,31,41,46,49,23
10,Nov.,2018,2092,6,14,21,27,37,40,23
7,Nov.,2018,2091,1,24,31,40,43,48,2
5,Nov.,2018,2090,18,22,30,37,40,46,42
3,Nov.,2018,2089,28,30,33,39,43,45,12
31,Oct.,2018,2088,4,6,25,29,38,40,45
29,Oct.,2018,2087,1,15,16,36,37,40,29
27,Oct.,2018,2086,1,24,25,42,43,47,39
24,Oct.,2018,2085,6,13,16,21,26,30,43
22,Oct.,2018,2084,25,30,33,40,47,49,28
20,Oct.,2018,2083,9,15,27,35,38,41,5
17,Oct.,2018,2082,4,12,25,29,34,48,42
15,Oct.,2018,2081,1,2,6,41,44,48,46
13,Oct.,2018,2080,14,31,37,42,45,47,15
10,Oct.,2018,2079,33,35,36,38,44,46,21
8,Oct.,2018,2078,3,6,19,24,31,42,26
6,Oct.,2018,2077,7,11,14,25,30,34,35
3,Oct.,2018,2076,8,9,14,21,40,41,3
1,Oct.,2018,2075,4,18,20,30,48,49,16
29,Sept.,2018,2074,4,24,33,34,47,49,45
26,Sept.,2018,2073,10,12,19,20,36,42,9
24,Sept.,2018,2072,3,28,35,43,44,48,24
22,Sept.,2018,2071,4,11,21,42,48,49,36
19,Sept.,2018,2070,1,16,22,31,38,39,46
17,Sept.,2018,2069,2,14,18,31,32,44,27
15,Sept.,2018,2068,12,19,25,29,37,38,47
12,Sept.,2018,2067,4,12,38,39,40,46,28
10,Sept.,2018,2066,2,16,24,25,32,38,21
8,Sept.,2018,2065,5,24,31,35,44,46,39
5,Sept.,2018,2064,7,14,20,29,39,47,13
3,Sept.,2018,2063,8,15,19,34,42,46,33
1,Sept.,2018,2062,10,17,19,29,35,36,20
29,Agust,2018,2061,3,11,17,21,23,33,49
27,Agust,2018,2060,15,19,27,38,42,44,29
25,Agust,2018,2059,9,15,21,32,38,40,12
22,Agust,2018,2058,5,11,23,25,45,49,40
20,Agust,2018,2057,9,19,29,42,46,47,11
18,Agust,2018,2056,3,19,24,33,35,47,1
15,Agust,2018,2055,1,2,29,40,44,47,27
13,Agust,2018,2054,1,2,3,5,10,39,23
11,Agust,2018,2053,22,30,32,41,42,43,14
8,Agust,2018,2052,2,17,33,43,44,46,45
6,Agust,2018,2051,2,16,18,19,20,37,40
4,Agust,2018,2050,7,12,15,18,21,37,32
1,Agust,2018,2049,2,25,35,36,46,47,12
30,July,2018,2048,1,2,20,38,39,49,44
28,July,2018,2047,7,10,17,30,39,48,28
25,July,2018,2046,8,9,14,18,29,34,12
23,July,2018,2045,2,10,23,36,42,48,46
21,July,2018,2044,2,5,21,32,35,45,19
18,July,2018,2043,5,6,9,22,38,39,36
16,July,2018,2042,2,4,10,15,21,22,46
14,July,2018,2041,6,8,10,20,26,36,4
11,July,2018,2040,6,8,10,20,34,49,16
9,July,2018,2039,7,11,12,16,33,49,26
7,July,2018,2038,4,8,12,15,16,26,41
4,July,2018,2037,6,10,19,23,24,41,29
2,July,2018,2036,1,16,26,30,39,47,46
30,June,2018,2035,2,24,29,47,48,49,25
27,June,2018,2034,3,14,25,26,39,48,35
25,June,2018,2033,3,11,25,28,31,45,29
23,June,2018,2032,2,9,18,22,33,35,3
20,June,2018,2031,3,22,24,34,36,42,43
18,June,2018,2030,1,6,19,27,38,47,44
16,June,2018,2029,2,4,17,24,34,44,31
13,June,2018,2028,2,12,33,37,41,49,3
11,June,2018,2027,8,9,17,18,33,48,41
9,June,2018,2026,2,10,16,24,28,33,48
6,June,2018,2025,4,17,20,27,29,38,18
4,June,2018,2024,1,19,20,33,39,44,7
2,June,2018,2023,1,11,13,23,35,43,26
30,May,2018,2022,3,14,23,37,40,47,6
28,May,2018,2021,4,5,9,15,24,46,35
26,May,2018,2020,7,11,31,33,42,48,5
23,May,2018,2019,10,18,22,31,32,39,1
21,May,2018,2018,20,23,38,43,45,47,9
19,May,2018,2017,7,23,27,31,47,49,9
16,May,2018,2016,21,23,24,28,38,45,46
14,May,2018,2015,5,17,24,29,35,37,18
12,May,2018,2014,1,9,22,23,36,43,2
9,May,2018,2013,4,7,11,21,28,40,23
7,May,2018,2012,8,9,10,17,18,20,21
5,May,2018,2011,2,3,4,11,16,30,26
2,May,2018,2010,2,9,27,28,33,40,35
30,April,2018,2009,1,9,10,14,19,34,11
28,April,2018,2008,12,16,17,28,44,45,34
25,April,2018,2007,2,3,13,15,37,47,31
23,April,2018,2006,12,13,19,35,47,49,36
21,April,2018,2005,2,9,15,20,32,47,10
18,April,2018,2004,1,5,14,19,28,44,11
16,April,2018,2003,5,7,12,27,34,46,33
14,April,2018,2002,4,10,22,32,34,48,27
11,April,2018,2001,4,11,28,32,35,36,44
9,April,2018,2000,12,17,18,22,28,43,29
7,April,2018,1999,6,24,30,43,44,48,40
4,April,2018,1998,1,2,3,9,10,29,47
2,April,2018,1997,9,11,22,23,36,39,3
31,mars,2018,1996,19,27,29,36,48,49,47
28,mars,2018,1995,11,19,24,30,33,49,39
26,mars,2018,1994,7,23,36,37,40,43,26
21,mars,2018,1992,8,28,32,40,45,49,30
5,mars,2018,1985,4,8,16,22,38,43,5
3,mars,2018,1984,6,10,12,15,23,31,2
28,Feb.,2018,1983,3,22,24,30,39,45,21
26,Feb.,2018,1982,11,14,27,32,37,39,7
24,Feb.,2018,1981,5,7,12,27,29,30,35
21,Feb.,2018,1980,3,10,14,29,32,37,2
19,Feb.,2018,1979,4,7,12,13,15,29,3
17,Feb.,2018,1978,8,9,15,27,30,34,32
14,Feb.,2018,1977,6,15,20,32,39,48,24
12,Feb.,2018,1976,6,11,14,15,16,49,45
10,Feb.,2018,1975,11,20,33,41,48,49,15
7,Feb.,2018,1974,16,22,25,38,40,42,6
5,Feb.,2018,1973,9,19,23,26,30,40,21
3,Feb.,2018,1972,13,19,30,37,39,49,32
31,Jan.,2018,1971,20,36,37,39,42,49,19
29,Jan.,2018,1970,5,7,9,12,27,47,2
27,Jan.,2018,1969,4,20,23,34,36,48,35
24,Jan.,2018,1968,6,14,16,18,29,47,41
22,Jan.,2018,1967,5,21,34,35,39,43,3
20,Jan.,2018,1966,5,13,23,29,34,49,4
17,Jan.,2018,1965,1,19,21,43,45,48,4
15,Jan.,2018,1964,10,15,16,22,34,47,28
13,Jan.,2018,1963,3,29,37,44,45,46,8
10,Jan.,2018,1962,5,9,19,24,43,44,18
8,Jan.,2018,1961,2,25,26,30,39,45,16
6,Jan.,2018,1960,14,19,20,38,40,41,17
3,Jan.,2018,1959,15,20,25,35,38,46,26
1,Jan.,2018,1958,3,6,15,22,29,46,30
30,Dec.,2017,1957,10,18,19,34,35,48,14
27,Dec.,2017,1956,4,12,17,38,41,44,15
25,Dec.,2017,1955,9,13,26,29,38,41,11
23,Dec.,2017,1954,20,24,26,27,28,46,33
20,Dec.,2017,1953,12,14,35,37,42,47,3
18,Dec.,2017,1952,12,17,26,41,44,49,32
16,Dec.,2017,1951,19,24,32,38,40,47,4
13,Dec.,2017,1950,5,12,17,34,45,46,35
11,Dec.,2017,1949,4,16,24,32,47,48,17
9,Dec.,2017,1948,12,14,19,21,45,47,40
6,Dec.,2017,1947,17,20,27,31,45,49,22
4,Dec.,2017,1946,17,20,34,35,38,47,3
2,Dec.,2017,1945,5,8,24,30,33,42,4
29,Nov.,2017,1944,5,22,33,38,40,43,2
27,Nov.,2017,1943,3,6,8,26,42,43,1
25,Nov.,2017,1942,15,26,32,33,44,48,5
22,Nov.,2017,1941,1,5,8,20,35,38,12
20,Nov.,2017,1940,3,5,8,29,30,35,33
18,Nov.,2017,1939,1,22,30,31,34,35,24
15,Nov.,2017,1938,8,20,29,35,42,44,6
13,Nov.,2017,1937,1,6,16,19,28,31,24
11,Nov.,2017,1936,8,18,34,42,43,48,33
8,Nov.,2017,1935,7,21,24,36,41,47,27
6,Nov.,2017,1934,9,27,32,35,37,47,14
4,Nov.,2017,1933,9,11,18,31,33,40,27
1,Nov.,2017,1932,2,8,19,26,29,35,28
30,Oct.,2017,1931,1,2,16,23,33,42,11
28,Oct.,2017,1930,16,27,32,44,46,48,9
25,Oct.,2017,1929,6,17,19,20,35,48,15
23,Oct.,2017,1928,2,12,13,26,35,37,19
21,Oct.,2017,1927,1,9,29,35,39,46,2
18,Oct.,2017,1926,13,25,31,41,43,45,8
16,Oct.,2017,1925,23,29,30,34,35,46,5
14,Oct.,2017,1924,11,23,33,38,44,46,49
11,Oct.,2017,1923,6,15,33,35,37,39,43
9,Oct.,2017,1922,4,8,14,20,39,41,2
7,Oct.,2017,1921,2,11,24,25,37,40,8
4,Oct.,2017,1920,7,11,14,33,38,42,26
2,Oct.,2017,1919,8,10,25,26,33,40,12
30,Sept.,2017,1918,14,20,27,31,39,49,23
27,Sept.,2017,1917,5,11,27,32,37,46,3
25,Sept.,2017,1916,9,20,23,26,37,45,21
23,Sept.,2017,1915,8,16,18,37,39,42,24
20,Sept.,2017,1914,1,25,32,39,46,48,12
18,Sept.,2017,1913,6,10,30,34,40,44,39
16,Sept.,2017,1912,1,7,35,37,38,44,20
13,Sept.,2017,1911,1,3,16,33,43,47,39
11,Sept.,2017,1910,2,6,9,25,26,28,27
9,Sept.,2017,1909,4,19,20,27,29,35,37
6,Sept.,2017,1908,9,16,30,33,40,41,4
4,Sept.,2017,1907,24,25,28,31,34,48,16
2,Sept.,2017,1906,7,20,22,25,27,34,40
30,Agust,2017,1905,3,21,29,33,47,48,24
28,Agust,2017,1904,7,16,19,20,28,34,41
26,Agust,2017,1903,8,10,25,28,31,34,45
23,Agust,2017,1902,2,6,9,13,36,43,12
21,Agust,2017,1901,2,9,17,22,29,42,10
19,Agust,2017,1900,2,10,14,26,38,43,18
16,Agust,2017,1899,8,11,14,36,37,38,13
14,Agust,2017,1898,1,2,15,32,33,38,42
12,Agust,2017,1897,3,13,27,30,36,41,10
9,Agust,2017,1896,9,12,17,24,26,41,14
7,Agust,2017,1895,8,14,37,42,45,46,9
5,Agust,2017,1894,10,21,23,39,41,48,33
2,Agust,2017,1893,8,14,15,39,46,47,10
31,July,2017,1892,5,6,21,45,48,49,24
29,July,2017,1891,3,9,17,19,34,41,45
26,July,2017,1890,9,14,26,35,43,45,22
24,July,2017,1889,5,9,12,22,24,26,33
22,July,2017,1888,1,33,34,45,46,48,14
19,July,2017,1887,1,8,24,25,42,44,46
17,July,2017,1886,8,9,17,21,35,40,14
15,July,2017,1885,4,8,20,28,36,49,24
12,July,2017,1884,17,21,27,28,36,44,37
10,July,2017,1883,3,9,13,26,28,49,27
8,July,2017,1882,3,13,17,22,37,49,38
1,July,2017,1879,8,18,20,28,29,48,3
28,June,2017,1878,8,9,11,20,32,47,36
26,June,2017,1877,4,9,17,21,29,30,18
24,June,2017,1876,3,8,9,22,34,39,10
21,June,2017,1875,6,22,26,28,32,36,8
19,June,2017,1874,3,4,6,17,25,26,30
14,June,2017,1872,3,4,8,19,24,46,30
12,June,2017,1871,2,4,13,19,26,41,44
10,June,2017,1870,12,13,29,35,39,48,17
7,June,2017,1869,1,3,14,35,41,44,32
3,June,2017,1867,18,35,41,42,46,48,22
31,May,2017,1866,2,4,13,15,18,24,40
27,May,2017,1864,17,19,22,26,36,40,5
24,May,2017,1863,8,20,29,31,34,39,27
22,May,2017,1862,1,5,10,20,35,40,8
20,May,2017,1861,17,24,34,36,46,49,23
17,May,2017,1860,4,12,16,38,41,48,34
15,May,2017,1859,6,10,27,30,32,42,8
13,May,2017,1858,4,6,13,18,33,47,28
10,May,2017,1857,5,8,14,21,27,31,32
8,May,2017,1856,2,37,41,45,47,48,11
6,May,2017,1855,10,22,26,34,37,46,31
3,May,2017,1854,1,21,25,27,40,45,47
1,May,2017,1853,24,26,34,37,39,47,18
29,April,2017,1852,2,5,9,16,18,32,24
26,April,2017,1851,8,12,13,21,25,44,42
24,April,2017,1850,6,15,21,30,33,41,7
22,April,2017,1849,7,20,27,37,48,49,3
19,April,2017,1848,10,12,24,34,40,48,42
17,April,2017,1847,2,7,15,24,26,30,8
15,April,2017,1846,4,15,18,26,29,35,3
12,April,2017,1845,8,10,39,43,45,49,42
10,April,2017,1844,5,11,20,26,27,41,22
8,April,2017,1843,2,10,14,21,32,39,46
5,April,2017,1842,5,15,20,22,36,41,8
3,April,2017,1841,17,23,24,28,32,43,48
1,April,2017,1840,11,21,22,23,37,49,46
29,mars,2017,1839,19,25,28,31,32,42,9
27,mars,2017,1838,11,12,13,20,22,38,40
25,mars,2017,1837,1,10,11,19,20,22,7
22,mars,2017,1836,6,11,27,30,39,44,14
20,mars,2017,1835,3,16,26,30,39,47,5
18,mars,2017,1834,9,11,27,38,43,49,14
15,mars,2017,1833,29,31,34,35,40,45,47
13,mars,2017,1832,4,23,30,38,43,47,3
11,mars,2017,1831,5,10,15,23,28,47,4
8,mars,2017,1830,3,5,20,25,36,42,4
6,mars,2017,1829,16,22,29,33,37,43,15
4,mars,2017,1828,4,10,12,19,23,38,49
1,mars,2017,1827,3,12,18,24,35,36,27
27,Feb.,2017,1826,8,11,19,20,23,41,48
25,Feb.,2017,1825,1,9,13,16,24,35,29
22,Feb.,2017,1824,1,6,17,37,38,41,3
20,Feb.,2017,1823,6,28,29,31,35,36,3
18,Feb.,2017,1822,5,10,11,18,28,41,45
15,Feb.,2017,1821,2,4,17,19,20,24,39
13,Feb.,2017,1820,5,9,10,17,36,40,20
11,Feb.,2017,1819,2,5,17,38,41,45,9
8,Feb.,2017,1818,1,21,30,35,36,47,20
6,Feb.,2017,1817,25,27,29,33,35,42,13
4,Feb.,2017,1816,1,16,25,27,28,41,35
1,Feb.,2017,1815,3,19,41,42,44,49,48
30,Jan.,2017,1814,12,16,29,42,43,44,27
28,Jan.,2017,1813,16,22,24,35,36,39,18
25,Jan.,2017,1812,9,13,26,34,35,43,6
23,Jan.,2017,1811,6,9,23,24,31,35,2
21,Jan.,2017,1810,5,15,25,27,37,48,1
18,Jan.,2017,1809,20,22,23,36,40,48,42
16,Jan.,2017,1808,29,31,34,37,41,43,3
14,Jan.,2017,1807,24,33,36,38,42,43,3
11,Jan.,2017,1806,10,16,26,28,42,46,45
9,Jan.,2017,1805,3,22,31,35,36,38,26
7,Jan.,2017,1804,2,23,34,35,36,38,15
4,Jan.,2017,1803,3,13,20,28,31,46,5
2,Jan.,2017,1802,8,12,21,42,46,49,17
31,Dec.,2016,1801,9,14,17,21,30,41,3
28,Dec.,2016,1800,7,22,26,32,35,49,21
26,Dec.,2016,1799,5,19,27,40,46,48,42
24,Dec.,2016,1798,3,16,20,24,31,33,18
21,Dec.,2016,1797,10,16,17,22,28,48,34
19,Dec.,2016,1796,8,14,15,27,33,34,44
17,Dec.,2016,1795,6,21,27,35,37,47,45
14,Dec.,2016,1794,10,14,17,20,28,30,27
12,Dec.,2016,1793,2,6,30,34,35,36,33
10,Dec.,2016,1792,2,23,26,27,39,41,5
7,Dec.,2016,1791,18,30,32,33,42,48,11
5,Dec.,2016,1790,1,4,6,7,15,36,2
3,Dec.,2016,1789,6,8,16,24,30,47,2
30,Nov.,2016,1788,4,9,17,27,36,40,24
28,Nov.,2016,1787,2,8,17,19,20,41,15
26,Nov.,2016,1786,7,17,30,38,40,45,11
23,Nov.,2016,1785,10,15,31,35,39,41,12
21,Nov.,2016,1784,5,6,27,33,39,44,3
19,Nov.,2016,1783,7,9,10,17,33,42,8
16,Nov.,2016,1782,13,29,30,37,43,46,26
14,Nov.,2016,1781,4,10,11,21,33,46,26
12,Nov.,2016,1780,19,27,33,37,43,49,38
9,Nov.,2016,1779,4,14,15,17,18,23,38
7,Nov.,2016,1778,2,3,4,6,29,35,48
5,Nov.,2016,1777,14,19,28,34,38,48,12
2,Nov.,2016,1776,7,8,9,16,19,35,31
31,Oct.,2016,1775,9,23,29,42,45,47,24
29,Oct.,2016,1774,4,10,30,33,37,43,32
26,Oct.,2016,1773,1,7,17,21,31,44,19
24,Oct.,2016,1772,1,8,10,28,35,40,20
22,Oct.,2016,1771,5,9,30,33,40,48,18
19,Oct.,2016,1770,8,15,29,39,46,47,24
17,Oct.,2016,1769,8,23,26,29,37,41,45
15,Oct.,2016,1768,21,25,32,34,37,48,7
12,Oct.,2016,1767,9,14,17,18,20,43,32
10,Oct.,2016,1766,14,16,25,28,29,38,7
8,Oct.,2016,1765,5,19,26,43,45,47,39
5,Oct.,2016,1764,1,7,11,30,47,49,2
3,Oct.,2016,1763,1,2,24,26,28,36,23
1,Oct.,2016,1762,5,10,20,32,44,45,27
28,Sept.,2016,1761,5,9,27,32,36,44,41
26,Sept.,2016,1760,5,11,13,14,27,34,32
24,Sept.,2016,1759,2,4,14,17,35,48,5
21,Sept.,2016,1758,8,16,19,24,36,44,10
19,Sept.,2016,1757,2,11,12,16,18,42,23
17,Sept.,2016,1756,1,12,22,39,43,47,23
14,Sept.,2016,1755,11,15,17,25,26,49,3
12,Sept.,2016,1754,16,28,33,35,44,48,7
10,Sept.,2016,1753,1,3,6,10,23,26,38
7,Sept.,2016,1752,15,16,26,29,32,44,18
5,Sept.,2016,1751,4,5,26,29,44,45,46
3,Sept.,2016,1750,6,17,18,40,44,45,38
31,Agust,2016,1749,3,12,21,29,31,32,45
29,Agust,2016,1748,4,6,26,27,39,41,43
27,Agust,2016,1747,2,9,10,24,25,31,26
24,Agust,2016,1746,7,14,26,33,36,42,15
22,Agust,2016,1745,1,16,19,34,40,47,42
20,Agust,2016,1744,4,6,12,24,30,46,42
17,Agust,2016,1743,3,6,9,18,27,44,31
15,Agust,2016,1742,7,31,39,41,46,48,13
13,Agust,2016,1741,7,18,29,33,40,43,5
10,Agust,2016,1740,8,9,14,17,36,44,33
8,Agust,2016,1739,5,13,17,19,29,49,9
6,Agust,2016,1738,11,26,28,32,34,38,3
3,Agust,2016,1737,17,20,23,32,34,39,28
1,Agust,2016,1736,6,27,28,35,37,44,46
30,July,2016,1735,5,8,14,39,40,46,41
27,July,2016,1734,5,17,18,22,25,32,20
25,July,2016,1733,1,11,16,17,22,35,42
23,July,2016,1732,1,4,6,16,19,35,34
20,July,2016,1731,6,13,19,24,38,49,28
18,July,2016,1730,1,5,13,40,41,45,18
16,July,2016,1729,4,14,31,41,46,49,18
13,July,2016,1728,2,5,7,13,34,41,45
11,July,2016,1727,2,10,27,28,29,46,19
9,July,2016,1726,17,18,23,25,26,38,27
6,July,2016,1725,17,33,35,37,41,42,29
4,July,2016,1724,3,10,19,22,36,49,14
2,July,2016,1723,5,18,35,36,39,40,3
29,June,2016,1722,4,7,18,22,34,45,46
27,June,2016,1721,7,10,16,17,30,37,46
25,June,2016,1720,11,20,27,35,36,41,10
22,June,2016,1719,13,33,36,41,42,46,32
20,June,2016,1718,10,11,15,22,31,43,2
18,June,2016,1717,2,3,5,22,26,31,37
15,June,2016,1716,1,23,44,46,47,48,24
13,June,2016,1715,11,14,32,34,35,36,6
11,June,2016,1714,13,15,24,35,38,45,29
8,June,2016,1713,6,8,14,15,16,29,31
6,June,2016,1712,11,26,27,32,36,42,19
4,June,2016,1711,9,18,27,30,35,45,31
1,June,2016,1710,7,11,14,15,20,47,35
30,May,2016,1709,8,19,20,24,26,28,46
28,May,2016,1708,1,10,11,27,39,47,23
25,May,2016,1707,7,18,24,26,37,48,19
23,May,2016,1706,1,11,25,29,32,39,44
21,May,2016,1705,4,14,17,18,30,44,32
18,May,2016,1704,2,11,17,33,37,45,48
16,May,2016,1703,11,13,20,30,40,47,3
14,May,2016,1702,6,8,17,19,39,49,47
11,May,2016,1701,11,15,25,44,47,49,12
9,May,2016,1700,7,17,23,31,34,48,18
7,May,2016,1699,5,16,19,20,24,26,47
4,May,2016,1698,2,15,23,31,43,44,13
2,May,2016,1697,4,9,17,27,41,47,14
30,April,2016,1696,2,6,12,26,45,49,20
27,April,2016,1695,1,13,36,37,42,48,10
25,April,2016,1694,6,9,11,21,37,48,19
23,April,2016,1693,5,7,11,17,22,46,29
20,April,2016,1692,1,13,30,33,42,49,16
18,April,2016,1691,2,3,9,13,18,44,7
16,April,2016,1690,2,8,16,41,47,49,44
13,April,2016,1689,5,19,34,35,42,44,18
11,April,2016,1688,1,25,32,37,38,48,36
9,April,2016,1687,5,17,36,39,42,43,7
6,April,2016,1686,1,33,36,46,47,49,27
4,April,2016,1685,17,32,35,36,40,47,37
2,April,2016,1684,2,7,17,24,28,40,20
30,mars,2016,1683,2,6,29,33,34,39,18
28,mars,2016,1682,5,11,16,23,35,46,36
26,mars,2016,1681,1,12,19,26,35,42,31
23,mars,2016,1680,1,5,17,32,37,47,35
21,mars,2016,1679,1,2,11,19,30,48,9
19,mars,2016,1678,2,19,23,28,35,47,48
16,mars,2016,1677,10,14,19,26,30,37,18
14,mars,2016,1676,22,25,38,41,44,46,18
12,mars,2016,1675,8,14,22,23,30,36,41
9,mars,2016,1674,7,16,20,27,29,30,19
7,mars,2016,1673,1,13,16,30,40,46,29
5,mars,2016,1672,8,10,16,20,37,43,31
2,mars,2016,1671,3,21,22,30,39,49,10
29,Feb.,2016,1670,4,5,15,36,38,49,33
27,Feb.,2016,1669,1,13,15,23,32,44,5
24,Feb.,2016,1668,3,19,37,42,46,48,5
22,Feb.,2016,1667,3,9,10,15,29,45,2
20,Feb.,2016,1666,1,17,29,34,39,47,2
17,Feb.,2016,1665,4,11,16,20,26,31,23
15,Feb.,2016,1664,8,20,25,30,43,49,28
13,Feb.,2016,1663,10,23,29,34,42,47,38
10,Feb.,2016,1662,10,31,35,37,38,48,20
8,Feb.,2016,1661,7,19,24,26,35,38,45
6,Feb.,2016,1660,1,7,23,25,30,36,19
3,Feb.,2016,1659,17,25,33,36,37,41,7
1,Feb.,2016,1658,1,7,21,29,30,46,10
30,Jan.,2016,1657,1,2,5,6,12,34,43
27,Jan.,2016,1656,13,29,30,33,41,47,10
25,Jan.,2016,1655,2,3,16,38,41,49,10
23,Jan.,2016,1654,15,16,18,22,29,37,10
20,Jan.,2016,1653,8,17,26,27,35,48,24
18,Jan.,2016,1652,11,24,28,32,39,41,43
16,Jan.,2016,1651,3,5,8,11,32,34,26
13,Jan.,2016,1650,5,8,10,15,42,47,12
11,Jan.,2016,1649,3,8,11,14,30,48,49
9,Jan.,2016,1648,11,17,21,33,40,45,26
6,Jan.,2016,1647,3,17,23,36,48,49,20
4,Jan.,2016,1646,12,18,27,28,39,44,19
2,Jan.,2016,1645,1,8,11,13,21,48,28
30,Dec.,2015,1644,9,26,27,39,41,46,15
28,Dec.,2015,1643,10,12,14,21,28,29,45
26,Dec.,2015,1642,8,19,22,29,43,44,30
23,Dec.,2015,1641,11,12,22,41,47,49,26
21,Dec.,2015,1640,13,23,32,36,43,48,41
19,Dec.,2015,1639,6,9,14,24,45,48,18
16,Dec.,2015,1638,15,17,19,20,28,48,34
14,Dec.,2015,1637,2,7,20,27,35,47,8
12,Dec.,2015,1636,15,31,37,42,43,48,7
9,Dec.,2015,1635,20,23,29,31,36,43,15
5,Dec.,2015,1634,7,9,15,20,23,49,35
2,Dec.,2015,1633,1,15,16,24,31,35,4
28,Nov.,2015,1632,15,18,20,34,39,48,43
25,Nov.,2015,1631,13,26,33,34,37,46,4
21,Nov.,2015,1630,3,32,36,39,40,42,8
18,Nov.,2015,1629,7,26,32,40,43,45,23
14,Nov.,2015,1628,10,12,20,27,28,46,47
11,Nov.,2015,1627,2,5,7,11,33,45,8
7,Nov.,2015,1626,8,17,30,44,46,49,9
4,Nov.,2015,1625,20,32,40,42,46,48,41
31,Oct.,2015,1624,7,12,15,19,28,45,38
28,Oct.,2015,1623,15,20,23,24,31,45,33
24,Oct.,2015,1622,11,17,22,31,45,48,40
21,Oct.,2015,1621,14,15,23,27,34,43,38
17,Oct.,2015,1620,1,14,18,20,33,36,42
14,Oct.,2015,1619,6,11,24,31,32,48,5
10,Oct.,2015,1618,7,12,14,22,26,45,39
7,Oct.,2015,1617,13,19,22,27,40,44,48
30,Sept.,2015,1615,3,12,28,29,31,42,45
26,Sept.,2015,1614,7,11,12,20,26,46,15
23,Sept.,2015,1613,12,18,24,26,39,47,37
19,Sept.,2015,1612,5,9,18,39,40,45,29
16,Sept.,2015,1611,11,22,24,30,31,34,16
12,Sept.,2015,1610,1,3,5,14,26,31,8
9,Sept.,2015,1609,7,25,26,41,48,49,14
5,Sept.,2015,1608,11,13,27,34,36,38,4
2,Sept.,2015,1607,2,19,28,40,47,49,29
29,Agust,2015,1606,8,11,18,37,38,47,9
26,Agust,2015,1605,5,12,18,28,29,38,17
22,Agust,2015,1604,2,21,22,32,33,46,11
19,Agust,2015,1603,7,18,26,27,35,47,30
15,Agust,2015,1602,5,18,39,42,48,49,24
12,Agust,2015,1601,5,11,21,35,46,49,7
8,Agust,2015,1600,4,8,11,33,41,48,25
5,Agust,2015,1599,17,30,31,32,35,43,41
1,Agust,2015,1598,6,8,24,31,41,46,17
29,July,2015,1597,7,13,24,30,35,39,11
25,July,2015,1596,2,3,6,16,20,36,32
22,July,2015,1595,10,12,17,22,23,31,8
18,July,2015,1594,19,22,24,33,34,36,49
15,July,2015,1593,7,16,17,21,22,26,12
11,July,2015,1592,14,16,17,23,40,44,27
8,July,2015,1591,13,25,26,27,33,34,28
4,July,2015,1590,1,3,10,22,35,43,33
1,July,2015,1589,5,7,8,19,43,49,44
3,June,2015,1581,12,21,23,26,29,30,46
30,May,2015,1580,1,3,13,27,44,46,16
27,May,2015,1579,8,10,18,19,34,44,15
23,May,2015,1578,2,9,15,32,38,49,42
20,May,2015,1577,4,11,38,39,40,44,32
16,May,2015,1576,16,21,22,42,44,46,25
13,May,2015,1575,16,24,28,31,35,43,49
9,May,2015,1574,11,18,29,32,35,40,4
6,May,2015,1573,12,17,25,26,40,45,37
2,May,2015,1572,10,25,26,27,35,44,36
29,April,2015,1571,3,24,27,28,35,48,43
25,April,2015,1570,1,2,16,17,28,35,42
22,April,2015,1569,1,14,30,33,34,46,40
18,April,2015,1568,8,11,15,23,30,36,48
15,April,2015,1567,4,5,19,23,24,40,21
11,April,2015,1566,1,12,35,38,44,45,23
8,April,2015,1565,5,22,34,38,46,48,27
4,April,2015,1564,15,17,28,33,35,40,25
1,April,2015,1563,22,31,36,41,45,47,33
28,mars,2015,1562,4,12,23,33,41,45,8
25,mars,2015,1561,24,26,27,30,40,45,14
21,mars,2015,1560,11,20,22,26,37,46,19
18,mars,2015,1559,7,10,13,32,39,41,42
14,mars,2015,1558,4,15,22,26,29,41,48
11,mars,2015,1557,4,20,26,28,34,49,25
7,mars,2015,1556,2,12,33,43,44,45,22
4,mars,2015,1555,13,21,27,28,31,48,33
28,Feb.,2015,1554,5,7,22,26,29,43,10
25,Feb.,2015,1553,7,18,19,28,32,48,47
21,Feb.,2015,1552,3,5,11,16,37,49,14
18,Feb.,2015,1551,1,8,9,14,28,40,29
14,Feb.,2015,1550,1,6,8,15,23,34,22
11,Feb.,2015,1549,3,19,21,27,38,45,34
7,Feb.,2015,1548,6,8,10,17,40,44,48
4,Feb.,2015,1547,5,11,27,34,45,47,41
31,Jan.,2015,1546,6,8,12,19,25,49,14
28,Jan.,2015,1545,8,14,18,35,41,44,30
24,Jan.,2015,1544,6,7,14,31,33,38,36
21,Jan.,2015,1543,2,3,20,36,39,45,27
17,Jan.,2015,1542,3,19,29,30,31,42,25
14,Jan.,2015,1541,8,16,19,24,37,41,9
10,Jan.,2015,1540,2,6,24,29,33,44,31
7,Jan.,2015,1539,5,7,11,21,42,45,32
3,Jan.,2015,1538,1,9,10,16,17,41,24
27,Dec.,2014,1536,12,15,25,27,34,47,37
24,Dec.,2014,1535,6,13,14,38,39,41,32
20,Dec.,2014,1534,1,6,11,18,31,49,20
17,Dec.,2014,1533,3,4,11,28,41,42,32
13,Dec.,2014,1532,3,17,18,36,40,43,7
10,Dec.,2014,1531,2,4,8,12,16,39,40
6,Dec.,2014,1530,15,17,21,30,31,44,7
3,Dec.,2014,1529,1,3,8,30,34,47,9
29,Nov.,2014,1528,7,16,20,33,45,47,43
26,Nov.,2014,1527,3,18,21,31,34,49,24
22,Nov.,2014,1526,1,20,27,28,32,41,42
19,Nov.,2014,1525,18,24,25,37,38,47,42
15,Nov.,2014,1524,14,16,17,21,22,25,18
12,Nov.,2014,1523,1,5,8,27,33,35,48
8,Nov.,2014,1522,6,10,18,26,30,47,32
5,Nov.,2014,1521,1,12,15,17,22,30,49
1,Nov.,2014,1520,4,7,28,35,39,44,26
29,Oct.,2014,1519,12,14,22,23,28,48,3
25,Oct.,2014,1518,7,16,26,29,46,49,32
22,Oct.,2014,1517,4,6,25,28,42,45,37
18,Oct.,2014,1516,1,3,8,17,23,49,34
15,Oct.,2014,1515,19,25,29,32,43,48,15
11,Oct.,2014,1514,4,27,32,40,42,44,28
8,Oct.,2014,1513,13,21,35,40,42,45,26
4,Oct.,2014,1512,2,10,22,36,44,45,11
1,Oct.,2014,1511,11,16,25,27,32,35,24
27,Sept.,2014,1510,17,21,22,23,44,49,9
24,Sept.,2014,1509,34,39,40,44,46,49,14
20,Sept.,2014,1508,2,9,28,30,39,48,22
17,Sept.,2014,1507,11,12,26,31,36,45,28
13,Sept.,2014,1506,5,13,19,25,37,40,15
10,Sept.,2014,1505,21,23,30,42,45,48,6
6,Sept.,2014,1504,1,6,9,13,28,36,18
3,Sept.,2014,1503,3,4,5,9,26,48,24
30,Agust,2014,1502,6,11,19,36,46,49,29
27,Agust,2014,1501,1,3,31,35,39,47,46
23,Agust,2014,1500,12,21,31,36,38,39,24
20,Agust,2014,1499,7,8,11,13,32,40,5
16,Agust,2014,1498,2,4,7,10,13,38,32
13,Agust,2014,1497,3,13,15,33,35,49,16
9,Agust,2014,1496,3,5,11,20,40,47,28
6,Agust,2014,1495,2,14,21,27,28,36,40
2,Agust,2014,1494,8,10,28,32,34,36,7
30,July,2014,1493,5,17,31,36,39,48,13
26,July,2014,1492,2,6,8,14,15,45,19
23,July,2014,1491,4,15,30,32,38,42,31
19,July,2014,1490,8,10,14,38,46,49,7
16,July,2014,1489,5,8,32,33,36,47,42
12,July,2014,1488,3,18,23,26,30,40,41
9,July,2014,1487,6,16,21,36,37,46,35
5,July,2014,1486,1,4,5,12,15,33,44
2,July,2014,1485,6,8,13,17,31,39,24
28,June,2014,1484,1,15,19,23,29,37,41
25,June,2014,1483,3,7,11,15,28,35,38
21,June,2014,1482,1,20,29,30,31,45,3
18,June,2014,1481,10,23,31,34,35,44,14
14,June,2014,1480,13,16,22,35,44,45,12
11,June,2014,1479,26,27,34,35,40,41,15
7,June,2014,1478,7,13,22,25,40,45,21
4,June,2014,1477,8,9,20,24,37,43,25
31,May,2014,1476,11,13,22,27,31,35,18
28,May,2014,1475,6,17,24,26,37,43,36
24,May,2014,1474,7,9,25,39,40,46,8
21,May,2014,1473,5,9,14,25,30,47,38
17,May,2014,1472,1,5,18,25,28,49,4
14,May,2014,1471,3,8,16,17,25,42,18
10,May,2014,1470,3,13,16,22,26,48,49
7,May,2014,1469,4,5,15,27,32,48,3
3,May,2014,1468,11,13,25,29,35,48,32
30,April,2014,1467,11,12,24,25,41,44,16
26,April,2014,1466,6,7,12,14,25,43,29
23,April,2014,1465,15,19,22,24,40,45,2
19,April,2014,1464,8,9,14,21,23,27,19
16,April,2014,1463,3,15,28,32,37,47,44
12,April,2014,1462,11,12,18,19,30,39,35
9,April,2014,1461,4,11,23,31,37,44,40
5,April,2014,1460,5,14,18,19,28,41,1
2,April,2014,1459,9,19,29,35,36,39,2
29,mars,2014,1458,5,11,16,18,22,41,44
26,mars,2014,1457,2,11,12,31,39,45,1
22,mars,2014,1456,10,16,21,34,38,44,1
19,mars,2014,1455,8,18,23,31,46,47,17
15,mars,2014,1454,7,14,27,40,41,42,6
12,mars,2014,1453,20,29,32,35,38,45,15
8,mars,2014,1452,6,9,14,27,42,47,24
5,mars,2014,1451,4,15,25,32,33,44,37
1,mars,2014,1450,3,15,17,19,34,49,42
26,Feb.,2014,1449,3,9,17,28,29,31,30
22,Feb.,2014,1448,6,9,11,15,21,30,45
19,Feb.,2014,1447,9,11,15,18,19,29,17
15,Feb.,2014,1446,4,11,37,41,45,49,20
12,Feb.,2014,1445,15,20,22,40,44,45,9
8,Feb.,2014,1444,1,5,26,31,40,44,7
5,Feb.,2014,1443,16,29,34,37,40,46,17
1,Feb.,2014,1442,33,36,38,41,44,45,32
29,Jan.,2014,1441,1,15,16,24,26,32,40
25,Jan.,2014,1440,2,4,7,10,31,39,20
22,Jan.,2014,1439,9,25,29,37,42,44,36
18,Jan.,2014,1438,1,4,20,30,34,40,47
15,Jan.,2014,1437,13,18,26,31,39,40,28
11,Jan.,2014,1436,7,23,27,31,33,37,5
8,Jan.,2014,1435,4,6,11,18,23,27,48
4,Jan.,2014,1434,3,18,20,29,35,47,40
1,Jan.,2014,1433,2,17,20,33,38,41,8
28,Dec.,2013,1432,2,3,35,38,41,43,46
25,Dec.,2013,1431,9,11,14,17,32,39,21
21,Dec.,2013,1430,4,27,28,29,34,36,39
18,Dec.,2013,1429,3,8,18,38,43,45,48
14,Dec.,2013,1428,2,6,10,18,32,49,23
11,Dec.,2013,1427,4,26,31,34,37,40,39
7,Dec.,2013,1426,7,29,30,35,39,40,10
4,Dec.,2013,1425,1,25,27,34,36,45,5
30,Nov.,2013,1424,19,29,42,43,46,47,36
27,Nov.,2013,1423,3,12,15,24,36,48,20
23,Nov.,2013,1422,9,11,20,27,45,49,21
20,Nov.,2013,1421,2,22,30,32,35,42,24
16,Nov.,2013,1420,8,12,17,34,38,39,49
13,Nov.,2013,1419,2,19,29,38,39,48,46
9,Nov.,2013,1418,9,12,26,34,45,47,23
6,Nov.,2013,1417,1,11,21,30,42,48,16
2,Nov.,2013,1416,6,10,11,35,43,45,34
30,Oct.,2013,1415,12,20,26,30,44,47,46
26,Oct.,2013,1414,3,25,29,34,35,45,39
23,Oct.,2013,1413,8,18,24,35,44,48,23
19,Oct.,2013,1412,3,9,11,13,24,42,47
16,Oct.,2013,1411,14,15,28,38,43,49,9
12,Oct.,2013,1410,3,13,14,17,26,33,11
9,Oct.,2013,1409,2,12,27,28,35,41,49
5,Oct.,2013,1408,3,6,15,20,31,43,46
2,Oct.,2013,1407,4,18,21,26,35,41,14
28,Sept.,2013,1406,9,14,17,23,25,28,4
25,Sept.,2013,1405,15,33,35,41,43,47,19
21,Sept.,2013,1404,12,21,40,43,46,49,36
18,Sept.,2013,1403,1,7,10,27,40,48,20
14,Sept.,2013,1402,7,16,21,33,37,48,14
11,Sept.,2013,1401,4,10,11,20,26,28,40
7,Sept.,2013,1400,20,23,24,26,37,46,3
4,Sept.,2013,1399,3,9,10,34,44,47,11
31,Agust,2013,1398,6,15,21,30,31,39,25
28,Agust,2013,1397,16,23,28,30,36,42,44
24,Agust,2013,1396,2,24,27,30,35,41,31
21,Agust,2013,1395,13,18,19,24,28,31,3
17,Agust,2013,1394,5,14,28,39,40,48,27
14,Agust,2013,1393,4,8,9,19,35,44,5
10,Agust,2013,1392,16,17,18,23,28,44,43
7,Agust,2013,1391,11,16,26,33,35,47,45
3,Agust,2013,1390,6,18,30,33,36,39,23
31,July,2013,1389,20,26,27,33,35,47,42
27,July,2013,1388,8,15,22,24,29,41,13
24,July,2013,1387,13,15,22,32,47,48,21
20,July,2013,1386,4,7,12,21,29,34,49
13,July,2013,1384,10,16,32,41,42,43,2
10,July,2013,1383,14,27,30,32,34,39,37
6,July,2013,1382,7,11,38,41,47,48,8
3,July,2013,1381,10,20,24,30,31,40,47
29,June,2013,1380,2,8,15,19,20,47,13
26,June,2013,1379,15,17,28,32,35,37,23
22,June,2013,1378,20,25,26,39,41,46,8
19,June,2013,1377,10,12,14,23,35,40,38
15,June,2013,1376,5,6,19,35,44,46,11
12,June,2013,1375,11,14,18,24,37,39,7
8,June,2013,1374,1,12,13,16,25,37,36
5,June,2013,1373,6,9,20,26,39,40,49
1,June,2013,1372,22,25,31,34,46,47,14
29,May,2013,1371,4,15,20,30,38,49,22
25,May,2013,1370,4,16,27,29,31,44,19
22,May,2013,1369,5,17,18,28,44,48,8
18,May,2013,1368,5,10,21,28,31,41,46
15,May,2013,1367,5,17,27,41,45,46,38
11,May,2013,1366,4,14,21,33,42,44,25
8,May,2013,1365,4,18,22,24,26,36,49
4,May,2013,1364,1,2,5,15,18,23,28
1,May,2013,1363,12,19,25,37,47,49,48
27,April,2013,1362,10,11,14,23,26,32,49
24,April,2013,1361,9,20,25,30,37,40,46
20,April,2013,1360,8,17,31,41,42,45,26
17,April,2013,1359,6,9,11,17,25,29,41
13,April,2013,1358,8,9,31,32,36,46,37
10,April,2013,1357,3,8,10,14,35,41,49
6,April,2013,1356,3,28,39,40,43,47,44
3,April,2013,1355,4,13,32,36,41,47,33
30,mars,2013,1354,14,22,29,30,35,39,27
27,mars,2013,1353,2,7,20,30,36,41,15
23,mars,2013,1352,4,10,11,22,38,46,32
20,mars,2013,1351,2,4,16,23,36,48,15
16,mars,2013,1350,20,23,29,32,37,38,22
13,mars,2013,1349,1,3,13,15,32,37,5
9,mars,2013,1348,1,7,21,23,31,37,24
6,mars,2013,1347,2,12,15,36,39,47,23
2,mars,2013,1346,1,3,13,23,35,43,34
27,Feb.,2013,1345,11,18,24,27,33,45,3
23,Feb.,2013,1344,1,10,12,26,43,49,41
20,Feb.,2013,1343,8,16,20,31,34,47,37
16,Feb.,2013,1342,6,7,27,28,32,44,22
13,Feb.,2013,1341,7,12,15,28,35,42,33
9,Feb.,2013,1340,6,29,33,40,42,47,28
6,Feb.,2013,1339,30,33,35,36,38,43,23
2,Feb.,2013,1338,10,19,23,28,42,46,48
30,Jan.,2013,1337,8,9,24,37,40,42,5
26,Jan.,2013,1336,7,9,29,34,38,43,6
23,Jan.,2013,1335,5,9,14,15,28,42,41
19,Jan.,2013,1334,2,10,35,39,45,46,8
16,Jan.,2013,1333,9,22,24,29,40,48,19
12,Jan.,2013,1332,1,2,5,32,39,47,45
9,Jan.,2013,1331,13,21,27,29,32,35,38
5,Jan.,2013,1330,5,8,33,36,43,45,37
2,Jan.,2013,1329,1,5,25,31,33,45,22
15,Dec.,2012,1324,12,16,24,31,43,46,10
12,Dec.,2012,1323,6,14,26,29,46,48,19
8,Dec.,2012,1322,7,17,25,36,48,49,1
5,Dec.,2012,1321,20,28,33,42,48,49,18
1,Dec.,2012,1320,1,2,12,30,38,41,31
28,Nov.,2012,1319,13,19,29,31,35,49,20
24,Nov.,2012,1318,9,12,17,41,42,45,15
21,Nov.,2012,1317,6,11,19,22,35,46,4
17,Nov.,2012,1316,5,18,19,25,28,34,29
14,Nov.,2012,1315,9,14,25,30,37,41,8
10,Nov.,2012,1314,4,8,23,44,46,49,2
7,Nov.,2012,1313,9,14,22,32,39,49,4
3,Nov.,2012,1312,3,10,37,42,45,49,22
31,Oct.,2012,1311,21,30,34,38,40,42,47
27,Oct.,2012,1310,5,7,11,17,24,45,14
24,Oct.,2012,1309,1,3,4,6,20,48,21
20,Oct.,2012,1308,10,12,18,24,39,43,33
17,Oct.,2012,1307,1,24,29,34,35,41,21
13,Oct.,2012,1306,2,16,20,21,29,32,49
10,Oct.,2012,1305,2,8,15,19,33,44,7
6,Oct.,2012,1304,9,14,27,29,35,39,34
3,Oct.,2012,1303,5,9,11,13,36,48,18
29,Sept.,2012,1302,1,3,6,22,42,43,4
26,Sept.,2012,1301,6,9,12,13,35,44,4
22,Sept.,2012,1300,11,21,23,25,31,41,36
19,Sept.,2012,1299,2,15,31,37,38,46,9
15,Sept.,2012,1298,5,8,11,13,15,19,24
12,Sept.,2012,1297,6,12,20,25,35,47,15
8,Sept.,2012,1296,6,8,12,16,43,45,1
5,Sept.,2012,1295,3,5,23,38,45,49,34
1,Sept.,2012,1294,1,10,11,14,31,45,16
29,Agust,2012,1293,4,8,17,18,35,44,42
25,Agust,2012,1292,6,11,18,24,28,41,13
22,Agust,2012,1291,1,2,7,34,46,47,49
18,Agust,2012,1290,21,28,37,40,44,46,12
15,Agust,2012,1289,2,4,6,8,9,30,13
11,Agust,2012,1288,20,23,34,45,47,48,28
8,Agust,2012,1287,2,8,23,28,38,46,16
4,Agust,2012,1286,1,14,20,22,39,43,6
1,Agust,2012,1285,4,15,21,26,29,41,7
28,July,2012,1284,5,21,28,29,47,49,20
25,July,2012,1283,3,7,13,19,29,35,49
21,July,2012,1282,4,20,36,42,43,44,12
18,July,2012,1281,1,8,11,16,44,46,33
14,July,2012,1280,7,24,26,36,40,47,38
11,July,2012,1279,3,10,16,20,32,38,6
7,July,2012,1278,6,8,21,26,30,32,28
4,July,2012,1277,4,15,26,43,45,48,11
30,June,2012,1276,1,6,16,17,26,41,49
27,June,2012,1275,5,17,32,38,41,49,2
23,June,2012,1274,6,10,24,40,42,43,18
20,June,2012,1273,1,2,5,21,46,47,23
16,June,2012,1272,1,8,14,33,36,46,2
13,June,2012,1271,3,27,30,31,46,48,20
9,June,2012,1270,2,6,8,16,33,44,46
6,June,2012,1269,2,3,9,23,31,46,10
2,June,2012,1268,2,14,18,28,37,40,4
30,May,2012,1267,2,7,10,14,32,40,1
26,May,2012,1266,6,11,12,15,17,45,1
23,May,2012,1265,5,13,26,31,39,49,48
19,May,2012,1264,4,12,18,19,38,47,20
16,May,2012,1263,9,11,17,37,43,45,26
12,May,2012,1262,3,7,19,31,35,47,26
9,May,2012,1261,21,26,33,39,43,48,42
5,May,2012,1260,12,20,36,37,39,44,47
2,May,2012,1259,6,10,12,19,31,47,26
28,April,2012,1258,4,8,28,30,41,46,26
25,April,2012,1257,6,7,23,33,45,46,38
21,April,2012,1256,18,25,28,31,32,48,42
18,April,2012,1255,8,12,20,24,30,40,33
14,April,2012,1254,2,4,18,25,32,40,8
11,April,2012,1253,2,7,10,18,19,46,24
7,April,2012,1252,7,16,23,25,48,49,19
4,April,2012,1251,3,6,14,22,31,33,30
31,mars,2012,1250,12,21,37,39,43,46,20
28,mars,2012,1249,8,13,24,25,38,42,48
24,mars,2012,1248,15,19,27,28,30,46,13
21,mars,2012,1247,19,27,36,40,44,49,32
17,mars,2012,1246,2,4,6,23,40,47,20
14,mars,2012,1245,12,16,17,38,39,41,25
10,mars,2012,1244,1,2,6,10,30,32,24
7,mars,2012,1243,15,16,17,18,27,41,35
3,mars,2012,1242,27,37,39,43,45,46,35
29,Feb.,2012,1241,13,22,24,25,40,45,34
25,Feb.,2012,1240,9,12,24,35,47,49,30
22,Feb.,2012,1239,6,17,20,25,27,48,3
18,Feb.,2012,1238,7,17,22,28,29,43,13
15,Feb.,2012,1237,7,12,20,34,41,48,17
11,Feb.,2012,1236,8,14,20,37,38,47,28
8,Feb.,2012,1235,13,20,34,43,46,48,22
4,Feb.,2012,1234,11,17,24,30,36,44,48
1,Feb.,2012,1233,16,23,24,33,34,38,43
28,Jan.,2012,1232,2,7,17,26,41,43,19
25,Jan.,2012,1231,8,11,19,20,32,34,46
21,Jan.,2012,1230,8,9,14,18,30,32,24
18,Jan.,2012,1229,7,11,17,34,44,45,26
14,Jan.,2012,1228,10,16,25,28,43,44,20
11,Jan.,2012,1227,15,16,23,32,36,48,24
7,Jan.,2012,1226,8,11,15,32,41,47,16
4,Jan.,2012,1225,26,34,37,41,46,49,6
31,Dec.,2011,1224,2,12,18,22,23,26,30
28,Dec.,2011,1223,9,23,24,32,38,44,8
24,Dec.,2011,1222,1,10,13,35,36,41,21
21,Dec.,2011,1221,1,7,24,31,44,45,36
17,Dec.,2011,1220,9,16,26,29,34,43,44
14,Dec.,2011,1219,9,12,19,26,33,38,32
10,Dec.,2011,1218,6,22,28,30,41,47,35
7,Dec.,2011,1217,10,17,25,29,38,45,43
3,Dec.,2011,1216,8,9,15,30,38,46,2
30,Nov.,2011,1215,5,15,22,26,39,43,11
26,Nov.,2011,1214,16,20,31,34,35,43,19
23,Nov.,2011,1213,1,16,30,33,35,43,10
19,Nov.,2011,1212,16,20,21,24,27,32,18
16,Nov.,2011,1211,6,8,16,20,25,48,22
12,Nov.,2011,1210,13,15,20,26,32,48,10
9,Nov.,2011,1209,1,25,28,37,45,48,5
5,Nov.,2011,1208,9,19,33,36,37,48,49
2,Nov.,2011,1207,2,5,20,21,35,39,33
29,Oct.,2011,1206,6,7,31,42,46,47,29
26,Oct.,2011,1205,5,8,10,16,23,30,33
22,Oct.,2011,1204,6,13,15,30,37,41,12
19,Oct.,2011,1203,11,26,28,30,31,38,3
15,Oct.,2011,1202,8,21,25,38,39,46,36
12,Oct.,2011,1201,3,15,26,32,47,49,5
8,Oct.,2011,1200,5,14,17,23,26,40,36
5,Oct.,2011,1199,9,10,17,25,42,49,38
1,Oct.,2011,1198,13,15,16,19,34,36,10
28,Sept.,2011,1197,6,7,9,11,23,29,5
24,Sept.,2011,1196,4,7,12,43,44,48,6
21,Sept.,2011,1195,8,9,10,20,40,43,36
17,Sept.,2011,1194,12,17,19,33,47,48,41
14,Sept.,2011,1193,2,10,11,29,31,41,45
10,Sept.,2011,1192,7,15,19,21,22,34,28
7,Sept.,2011,1191,16,28,37,40,43,48,49
3,Sept.,2011,1190,5,13,15,27,29,43,37
31,Agust,2011,1189,17,18,20,22,37,47,35
27,Agust,2011,1188,2,9,12,14,25,44,11
24,Agust,2011,1187,19,20,21,43,48,49,6
20,Agust,2011,1186,10,14,35,46,47,48,31
17,Agust,2011,1185,7,11,26,39,41,46,23
13,Agust,2011,1184,8,10,28,29,30,48,1
10,Agust,2011,1183,2,16,17,31,41,44,30
6,Agust,2011,1182,11,13,14,16,29,47,1
3,Agust,2011,1181,11,14,21,27,33,38,37
30,July,2011,1180,2,8,11,37,40,41,42
27,July,2011,1179,4,8,21,42,47,48,44
23,July,2011,1178,3,4,11,18,28,34,17
20,July,2011,1177,17,20,26,33,36,43,5
16,July,2011,1176,3,19,20,30,39,46,37
13,July,2011,1175,13,19,23,30,34,45,24
9,July,2011,1174,5,7,13,18,27,36,26
6,July,2011,1173,2,12,31,33,39,47,49
2,July,2011,1172,3,8,12,16,40,49,4
29,June,2011,1171,10,12,15,18,36,42,38
25,June,2011,1170,1,6,7,8,38,41,16
22,June,2011,1169,5,8,15,17,19,36,33
18,June,2011,1168,1,9,19,28,35,40,29
15,June,2011,1167,1,3,9,12,31,44,41
11,June,2011,1166,1,15,34,36,46,49,2
8,June,2011,1165,5,15,25,27,41,47,30
4,June,2011,1164,8,14,23,28,40,46,48
1,June,2011,1163,2,33,35,37,42,47,7
28,May,2011,1162,9,10,29,41,44,48,18
25,May,2011,1161,6,9,30,33,35,36,24
21,May,2011,1160,15,18,21,28,39,41,44
18,May,2011,1159,1,4,12,23,27,29,14
14,May,2011,1158,5,16,24,38,43,44,18
11,May,2011,1157,2,3,15,25,30,37,35
7,May,2011,1156,6,7,12,13,28,38,5
4,May,2011,1155,12,17,18,19,31,44,30
30,April,2011,1154,5,8,42,46,47,48,40
27,April,2011,1153,4,11,19,22,42,46,21
23,April,2011,1152,11,23,37,43,44,48,49
20,April,2011,1151,22,27,30,32,47,49,45
16,April,2011,1150,11,13,14,17,36,37,19
13,April,2011,1149,9,20,27,34,35,38,25
9,April,2011,1148,2,4,17,36,38,44,49
6,April,2011,1147,7,11,32,34,40,49,44
2,April,2011,1146,2,7,15,17,31,33,28
30,mars,2011,1145,10,22,25,31,38,48,33
26,mars,2011,1144,2,4,15,17,18,23,47
23,mars,2011,1143,8,11,19,20,30,31,5
19,mars,2011,1142,15,18,28,32,34,47,39
16,mars,2011,1141,5,11,20,21,22,48,9
12,mars,2011,1140,1,26,28,42,44,47,15
9,mars,2011,1139,26,33,39,43,44,46,32
5,mars,2011,1138,2,26,27,36,41,44,19
2,mars,2011,1137,2,4,7,36,43,48,39
26,Feb.,2011,1136,3,4,11,20,43,45,34
23,Feb.,2011,1135,1,18,24,26,27,49,42
19,Feb.,2011,1134,4,17,26,37,43,47,9
16,Feb.,2011,1133,3,19,34,39,41,43,4
12,Feb.,2011,1132,1,23,30,41,42,44,32
9,Feb.,2011,1131,1,8,26,34,36,44,23
5,Feb.,2011,1130,2,3,14,15,16,34,19
2,Feb.,2011,1129,3,29,34,37,39,49,36
29,Jan.,2011,1128,7,11,12,18,25,36,2
26,Jan.,2011,1127,28,29,30,32,34,47,11
22,Jan.,2011,1126,28,32,34,40,42,49,41
19,Jan.,2011,1125,16,19,26,35,38,45,31
15,Jan.,2011,1124,23,28,29,35,44,47,11
12,Jan.,2011,1123,8,18,19,27,31,47,24
8,Jan.,2011,1122,2,23,24,29,42,44,25
5,Jan.,2011,1121,2,34,41,44,47,49,24
1,Jan.,2011,1120,12,19,26,33,45,48,18
